text;
"Induk,anak,cucu perusahaan
...ada cicit perusahaan jg kali
Et dah itu perusahaan beranakpinak..
Iya kalo beranakpinak menguntungkan...lah kalo merugikan..beranakpinak kerugiannya
#BersihBersihBUMN";
Indahnya dunia, banyak menjabat banyak uang , oh indonesia riwayatmu kini , sikat pak erickthohir kami rakyat bersamamu, bersihkan pegawai brengsek yg tidak berakhlak  #bersihbersihbumn #bumn #erickthohirâ€¦ https://www.instagram.com/p/B5_cIvmJWWo/?igshid=7upt873kpgmyÂ â€¦;
"Untuk hal yg baik patut kita dukung.

#bersihbersihbumn pic.twitter.com/HgLxZjOZCD";
"Kereeen...
#BersihBersihBUMN
#erickbersihkanbumnhttps://twitter.com/narkosun/status/1207892846566506496Â â€¦";
"Jangan ngancem ngancem pak ee
Terjun bebas kau dilahan kami..
#NKRIHargaMati
#BersihBersihBUMN https://twitter.com/MeAndOurs/status/1207745298472157184Â â€¦";
Semoga setelah masalah bangsat ini harga pesawat Garuda diturunkan seturun turunnya #DirutGarudaKancut #DirutGarudaPenjahat #dirutgaruda;
Pramugari Senior Benarkan Ulah 'Selir' Mantan #DirutGaruda , Kini Puteri Pilih #PulangKampung Sendiri https://tribunnews.biz/Â pic.twitter.com/eRBOejd8ib;
Terungkap Cara Mantan #DirutGaruda Bertemu #PramugariCantik , Awak Kabin: Ternyata Direksi Kita Gini https://tribunnews.biz/Â pic.twitter.com/rgxr6dY1i0;
"Skandal Gundik Dirut Garuda, Selir dan lainnya lengkap dalam bentuk video 

#dirutgaruda #DirutGarudaKancut #gundikgaruda

jangan lupa like dan subscribe

terima kasih :D

Link : https://youtu.be/MFmM7SZL6DkÂ  via @YouTube";
"Semua 'Out', Kuasa Ari Askhara dan 4 Direktur Terkuak Rangkap Jabatan Komut, Bawahi 6 Perusahaan

#ariaskhara #garuda #dirutgaruda #garudaindonesia #berita #viral #beritaViral #beritaterkinihttps://ambon.tribunnews.com/2019/12/14/semua-out-kuasa-ari-askhara-dan-4-direktur-terkuak-rangkap-jabatan-komut-bawahi-6-perusahaanÂ â€¦";
"Terasa begitu berat tugas pak  @jokowi  dan @erickthohir , garuda belum selesai, datang jiwasraya , asabri dan https://youtu.be/dEa4c7rE_XEÂ  juga belum tuntas....

#JokowiBasmiKorupsi #erickgebukmafiagaruda
#hukummatikoruptorhttps://twitter.com/willymfpro/status/1216154133662535683Â â€¦";
"https://kaltim.tribunnews.com/2020/01/12/tampil-mewah-pamer-barang-mahal-siwi-widi-ungkap-sosok-di-balik-kekayaannya-buka-petinggi-garudaÂ â€¦
#garudaindonesia #garudahartatahtawanita #garudakancut #garudadukungerick #garuda #erickgebukmafiagaruda #bumnmelelehditanganrezim #ariashkara #GundikLintasBUMN #gundik #siwisidi #SiwiSidiGundikLintasBUMN";
"Terasa begitu berat tugas pak  @jokowi  dan @erickthohir , garuda belum selesai, datang jiwasraya , asabri dan https://youtu.be/dEa4c7rE_XEÂ  juga belum tuntas....

#JokowiBasmiKorupsi #erickgebukmafiagaruda
#hukummatikoruptorhttps://twitter.com/willymfpro/status/1216154133662535683Â â€¦";
"https://kaltim.tribunnews.com/2020/01/12/tampil-mewah-pamer-barang-mahal-siwi-widi-ungkap-sosok-di-balik-kekayaannya-buka-petinggi-garudaÂ â€¦
#garudaindonesia #garudahartatahtawanita #garudakancut #garudadukungerick #garuda #erickgebukmafiagaruda #bumnmelelehditanganrezim #ariashkara #GundikLintasBUMN #gundik #siwisidi #SiwiSidiGundikLintasBUMN";
Dituding Terima Suap 100 Miliar, Erick: Ada Pihak Yang Gerah https://ekbis.rmol.id/read/2020/01/06/416303/dituding-terima-suap-100-miliar-erick-ada-pihak-yang-gerahÂ â€¦ #erickgebukmafiagaruda #jiwasraya;
Bersihkan pak #ErickThohir https://twitter.com/narkosun/status/1204789462284132352Â â€¦;
"ghibah fenomenal akhir tahun 2019,
Bongkar skandal di tubuh garuda,
Wancine resik-resik BUMN,
#ErickThohir
#NetizenBersamaDigeeembok";
Menteri BUMN Erick Thohir menanggapi viralnya informasi di media sosial terkait dugaan pelecehan pramugari oleh direksi Garuda Indonesia. #ErickThohir http://m.jpnn.com/news/erick-thohir-wanita-harus-diproteksi-dari-pimpinan-tak-baikÂ â€¦;
"Menteri BUMN Erick Thohir buka suara merespons pejabat Garuda Indonesia yang dituding germo oleh akun @digeeembok. Apa kata Erick? #ErickThohir 

via @detikfinancehttps://finance.detik.com/berita-ekonomi-bisnis/d-4819036/erick-thohir-bicara-tudingan-germo-di-garuda?utm_content=detikfinance&utm_term=echobox&utm_medium=oa&utm_campaign=detikcomsocmed&utm_source=Twitter#Echobox=1576065829Â â€¦";
#Garuda #GarudaIndonesia #ErickThohir #bumn #berita #viral #BeritaTerkinihttps://ambon.tribunnews.com/2019/12/11/terungkap-bekas-bisnis-erick-thohir-tangani-proyek-garuda-indonesia-senilai-rp-300-jutaÂ â€¦;
"Ayo ayo di sidik dan di jelaskan ke bangsa ini..Jangan lah para Pejabat negeri ini jadi Pembajak..Negara butuh Pejabat yg bernurani baik untuk kemajuan Negara..bukan jadi Perampok tersembunyi..
#menteribumn
#penegakanhukumdenganefekjera";
"Kementerian Badan Usaha Milik Negara (BUMN) akan merapikan bisnis hotel yang dimiliki BUMN. Rencananya, pengelolaan hotel-hotel BUMN akan disatukan.
.
#menteribumn #erickthohir #bumnhadiruntuknegeri #fhbumnpic.twitter.com/EeeauUCzO2";
Erick Thohir Ganti Dewan Komisaris PT Pertamina https://www.arahkita.com/news/ekonomi/read/17468/erick_thohir_ganti_dewan_komisaris_pt_pertaminaÂ â€¦ #BeritaTerkini #BeritaNasional #MenteriBUMN #ErickThohir #DewanKomisarisPertamina #Pertamina #Nasional #NewsUpdate #news #Berita;
"PT Pertamina (Persero) diberi mandat untuk mengimplementasikan B30 mulai awal tahun 2020.

@pertamina
#pertamina #bumn #jokowidodo #B30 #menteribumn #erickthohir #menteriESDM #news #beritaterkini #upperlineidhttps://upperline.id/post/awal-2020-pertamina-implementasikan-b30-pertama-di-duniaÂ â€¦";
"Menteri BUMN, Erick Thohir menunjuk Zulkifli Zaini sebagai Direktur Utama PLN dan Amien Sunaryadi sebagai Komisaris Utama PLN. 

#beritaterkini #menteribumn #erickthohir #PLN #zulkiflizaini #dirutPLN #amiensunaryadi #komutPLN #breakingnewshttps://upperline.id/post/erick-thohir-tunjuk-zulkifli-zaini-komisaris-independen-bni-jadi-dirut-plnÂ â€¦";
Dirut Garuda Indonesia Diberhentikan, Presiden : Jangan Main-main #AriAskhara #bumn #DirutGarudaIndonesiaDiberhentikan #Ericktohir #menteribumn #presidenjokowi https://www.superradio.id/dirut-garuda-indonesia-diberhentikan-presiden-jangan-main-main/Â â€¦pic.twitter.com/oSZpgwWMIt;
"Gara-gara Harley Davidson, Ari Askhara harus meninggalkan Garuda Indonesia. 

Simak videonya di sini!

#news #videonews #ariaskhara #DirutGaruda #bumn #menteribumn #ErickThohir #ErickBersihkanBUMN #upperlineidhttps://upperline.id/post/gara-gara-harley-davidson-ari-askhara-harus-tinggalkan-garuda-indonesiaÂ â€¦";
"Kalau  Pejabat  masih  bermain
curang, Akhlaw nya sudah rusak. 
Bravo #MenteriBumn. https://twitter.com/MrsRachelIn/status/1202838432222867457Â â€¦";
"Saat melakukan Konferensi Pers di Kementerian Keuangan, Kamis (5/12/19), Menteri BUMN Erick Thohir mengaku sedih atas insiden penyelundupan moge Harley Davidson yang ternyata milik Dirut Garuda Indonesia.

#quotes #menteribumn #erickthohir #GarudaIndonesia #DirutGaruda #newspic.twitter.com/yYCdItfE49";
"Menteri BUMN Erick Thohir pecat  Dirut Garuda Indonesia Ari Askhara terkait  penyelundupan Harley  dan dua sepeda Brompton dalam pesawat baru Garuda.

Cek beritanya  https://tinyurl.com/yx56qtjxÂ 
#GarudaIndonesia #penyelundupanharley #menteribumn #ErickThohirpic.twitter.com/zXNXKMRGfO";"Mantap, lanjutkan Pak Erick
#KementerianBUMN
#MenteriBUMN
#ErickThohir
#30HariKerja"
"Mantap, lanjutkan Pak Erick
#KementerianBUMN
#MenteriBUMN
#ErickThohir
#30HariKerja";"Happy Weekend 

#KementerianBUMN
#MenteriBUMN
#ErickThohir
#30HariKerja pic.twitter.com/HlIMdWyCVk"
"Happy Weekend 

#KementerianBUMN
#MenteriBUMN
#ErickThohir
#30HariKerja pic.twitter.com/HlIMdWyCVk";"Mantap memang mantap
Semoga membawa perubahan yang positif dan kesuksesan yang lebih untuk pertamina. 
#KementerianBUMN
#MenteriBUMN
#ErickThohir
#30HariKerja"
"Mantap memang mantap
Semoga membawa perubahan yang positif dan kesuksesan yang lebih untuk pertamina. 
#KementerianBUMN
#MenteriBUMN
#ErickThohir
#30HariKerja";"ManTul
#KementerianBUMN
#MenteriBUMN
#ErickThohir
#30HariKerja"
"ManTul
#KementerianBUMN
#MenteriBUMN
#ErickThohir
#30HariKerja";"Selamat menjalankan tugas. Semoga pelantikannya pun dapat berjalan dengan lancar juga. SEMANGAT SELALU
#KementrianBUMN
#MentriBUMN
#ErickThohir
#30HariKerja"
"Selamat menjalankan tugas. Semoga pelantikannya pun dapat berjalan dengan lancar juga. SEMANGAT SELALU
#KementrianBUMN
#MentriBUMN
#ErickThohir
#30HariKerja";
