,text,score
0,no ambisi kuasa rakyat no ambisi layan rakyat itu lihat mknya aja,-1
1,nah gue pikir sentimen tahana oke di malam tapi mnrt politicawave malah balik geng u,-1
2,urut pertama best moment pak basuki misahin bu sylvie amp,-1
3,ini artikel yg jelas nyata di yg dapet respon positif di socmed adalah,-1
4,agus makin santai nahok makin santun nanies makin esmosi n nimho n,-1
5,pilkada dki jangan pilih pki bahaya pilih atau saja tahun baru imlek pkb aj,-1
6,pdip sengaja becah belah rakyat warga dki tidak pilih ahok wni ang,-1
7,nama nya juga debat nbiasa nya itu,-1
8,kita ttp bisa bijak pilih tanpa harus teriak tanpa harus umpat,-1
9,ibu terima kasih atas doa dan kumpul ajar yang telah bangun pikir karakter dan semangat untuk berju u,-1
10,sylviana kesyikan ngomong sendiri lupa tanya anies asyik nyerang pake data yg salah ya ahok joged aja udd ude,-1
11,sylviana kesyikan ngomong sendiri lupa tanya anies asyik nyerang pake data yg salah ya ahok joged aja udd ude,-1
12,sylviana kesyikan ngomong sendiri lupa tanya anies asyik nyerang pake data yg salah ya ahok joged aja,-1
13,tiap ahok djarot ngomong nambah ilmu ya kita,-1
14,makasih jangan kasih kendor untuk salam dua jadiiii uc uc,-1
15,udc udfamohon sabar ini uji udd ude,-1
16,ini gambar yg saya sampai bagai didik politik agar supaya masyarakat tau siapa agus amp,-1
17,orang yang henti ajar akan jadi milik masa lalu orang yang masih terus b,-1
18,as usual ga pernah jawab dgn solusi,-1
19,yah nama jh odong si,-1
20,bohong bohong terus org pakai opini kerja baik pdhl kerja absolutely buruk,-1
21,pdip sengaja becah belah rakyat warga dki tidak pilih ahok pria as,-1
22,ini yg gue bilang yg hebat di tim itu cuma tukang foto coba zoom orang dikit kebyakan bers u,-1
23,pdip sengaja becah belah rakyat warga dki tidak pilih ahok dua gan,-1
24,pilkada dki jangan pilih pki bahaya pilih atau saja tahun baru imlek pkb aj,-1
25,sy ga percaya mpok laku gesture jempol yg sgt bad attitude ini moga hanya edit ini hanya uj u,-1
26,sylviana kesyikan ngomong sendiri lupa tanya anies asyik nyerang pake data yg salah ya ahok joged aja udd ude,-1
27,makanya prof rhenald kasali bilang bhw dlm trjd tarung lawan udd ude n,-1
28,dalam hidup terkadang kita lebih banyak dapat apa yang tidak kita ingin dan ketika ki,-1
29,kalau guna fantasi agus maka agus bisa tuding bahwa sby tidak beres pimpin  tahun masih banyak yang miskin u,-1
30,kalau guna fantasi anies maka anies bisa tuding bhw ali sadikin bapak boy sadikin gak beres pimpin jakart u,-1
31,para pemujapemuji kalau msh juga puji ini terlalu mbok ya kalau tugas boleh tapi realistis u,-1
32,maklumnamanya jg paslon hapalan,-1
33,kata ipm di ibu kota mana di seluruh dunia sll plg tinggi benar di amerika nyata tidak be u,-1
34,pilkada dki jakarta harap tidak pilih nomor bahaya laten komunis,-1
35,jangan pilih cagub yg dekat dgn sarang koruptor udd ude,-1
36,lah lu monolog jam yg hadir orang lu sendiri puja knp gak jelas ngeles aja emg gak bisa u,-1
37,,-1
38,dari dulu sampe sekarang emang gak rubah selalu tetap jadi,-1
39,retweet please nmenurut anda paslon mana yang paling pantas pimpin jakarta lima tahun depan,-1
40,momen tak lupa,-1
41,anies dan agus adalah dua orang yg mimpi semua perfect tdk ada yang salah dan harus jadi manusia tanpa caca u,-1
42,balik lg ke kerja masing lah n balik jadi tentara n balik jadi gubernur n balik jadi motivator,-1
43,tidak bisa dalam waktu tahun hrs beres semua karena masih ada yg dalam progres ini bukan sulap simsalabi u,-1
44,pilkada dki jakarta harap tidak pilih nomor bahaya laten komunis,-1
45,gitu yg mau jadi pimpin udah salah harus intropeksi diri bukan ngacuin jempol bawah gitu emak sylvii udd ude,-1
46,kalau guna fantasi agus maka agus bisa tuding bahwa sby tidak beres pimpin  tahun masih banyak yang miskin,-1
47,kalau guna fantasi anies maka anies bisa tuding bhw ali sadikin bapak boy sadikin gak beres pimpin jakart,-1
48,yang kiri dia pikir dia ariel yang tengah dia pikir dia orangtua dan yang kan dia pikir dia tau hahaha u,-1
49,saya kaget lihat jempol bu silvy bawah saat dengar jelas paslon emang hrs gitu ya bu silvy kayak preman u,-1
50,knp sylviana acung jempol bawah bicara panjang lebar tanpa ada tanya n nkarena cewek tidak p u,-1
51,nurunin jempol bawah ya tadi wkwkww attitude nya mana ya,-1
52,ipm di dki tinggi dasar data bps bagaimana mas cc n,-1
53,belum debat kompak dukung agus  sylvi telah makin solid dukung,-1
54,paslon masih bicara seperti anime naruto dan bleach n nbanyak filler n n,-1
55,debat kok saling jatuh ki pie dua dua nya nyerang eh malah tengkar sendiri yg di serang lerai ngakak udd ude n,-1
56,pdip sengaja becah belah rakyat warga dki tidak pilih ahok janji calon gubernur soal bang,-1
57,anies makin lihat asli masyarakat sudah cerdas tidak mudah bohong dengan opini yang kelabu data,-1
58,mgk baik siap beli tiket pswt pulang ke kampung nenek moyang di a b sana udd ude udd ude uc ufef ufef,-1
59,bukti ucap ahok bhw menteri dapat raport paling buruk di peringkat n,-1
60,pilkada dki jakarta harap tidak pilih nomor bahaya laten komunis,-1
61,di ada pak antasari azhar suporter paslon teriak bongkar bongkar ada orang ibu dag dig dug,-1
62,pilkada dki jangan pilih pki bahaya pilih atau saja wakil ormas islam j,-1
63,jangan pernah roboh pagar tanpa tahu me,-1
64,waktu agus bilang gak gusur tapi cuma geser gue inget tatan lhoo,-1
65,kata siapa mas agus enggak punya solusi utk masalah dki jkt mas agus itu punya solusi bambang yudhoyono sby udd ude,-1
66,tidak bisa dalam waktu tahun hrs beres semua karena masih ada yg dalam progres ini bukan sulap simsalabi u,-1
67,ketidakberhasilan anies baswedan dalam pimpin menteri banyak masalah dan belum lagi soal salah hitung anggara u,-1
68,anies baswedan hanya urus satu urus saja beranta bagaimana dia bisa fantasi selesai banyak urus u,-1
69,nah gue pikir sentimen tahana oke di malam tapi mnrt politicawave malah balik geng u,-1
70,ibu sylvi adalah contoh bahwa wanita itu sulit tebak dan pak anies contoh pria yg gak peka,-1
71,besok saya ajak kesana saja saya udah survei minggu lalu itu masuk bagi dr ibukota jakarta udd udea,-1
72,benerr bgt dan tidak ajak tonton ikut mikir udd ude,-1
73,pak anis kl pas libur lebaran iseng deh ke ancol itu pantai isi rakyat semua pak bukan kecebong,-1
74,sedang paslon to the point jawab punya data dan semua orang s u d a h tau transparasi kerja,-1
75,kami ingin layan karena rakyat adalah boss kami pls u,-1
76,kami ingin layan karena rakyat adalah boss kami pls u,-1
77,yang kiri dia pikir dia ariel yang tengah dia pikir dia orangtua dan yang kan dia pikir dia tau hahaha u,-1
78,acung jari bawah masuk bagi dari ras dan itu laku paslon turut sy itu attitude yg kurang baik u,-1
79,pilkada dki jakarta harap tidak pilih nomor bahaya laten komunis,-1
80,pilkada dki jangan pilih pki bahaya pilih atau saja riah warga dan turis saksika,-1
81,ibu terima kasih atas doa dan kumpul ajar yang telah bangun pikir karakter dan semangat untuk berju u,-1
82,mgkin rasa survey si anis naik jadi malah dia keburu ingin ngejar prosentase hasil survey macam u,-1
83,apresiasi buat mbak sbg moderator pasti punya tantang trsendiri mnghadapi karakter manusia pada saat itu udd ude,-1
84,visi misi anies adalah nilai buruk orang lain,-1
85,jangan pilih cagub yg dekat dgn sarang koruptor udd ude,-1
86,ngerih n,-1
87,ini artikel yg jelas nyata di yg dapet respon positif di socmed adalah,-1
88,belum debat kompak dukung agus  sylvi telah makin solid dukung,-1
89,kang jika pimpin hanya bangun apa beda dengan fir aun,-1
90,anies dan agus adalah dua orang yg mimpi semua perfect tdk ada yang salah dan harus jadi manusia tanpa caca u,-1
91,sylviana kesyikan ngomong sendiri lupa tanya anies asyik nyerang pake data yg salah ya ahok joged aja udd ude,-1
92,mpok salah sebut dg uu no kait kelola sampah padahal yg benar uu u,-1
93,yang kiri dia pikir dia ariel yang tengah dia pikir dia orangtua dan yang kan dia pikir dia tau hahaha u,-1
94,berfikir sehat n,-1
95,pak anies sempat ngomong visi misi malah salamsalamin orang,-1
96,kalau guna fantasi agus maka agus bisa tuding bahwa sby tidak beres pimpin tahun masih banyak yang miskin u,-1
97,makin paham siapa ahokdjarot nyata mrk mmg kerja sekaligus pikir handal dg mampu multitasking sbg tahana udd udcd u,-1
98,cagub no dan cuma bagai lengkap alias gembira mrka dua bukan lawan padan ahok,-1
99,ken tau apa tanggap dan kalau gak perlu tanya ntar ngak nyambu u,-1
100,smoga yg baik utk indonesia bagus,-1
101,retweet please nmenurut anda paslon mana yang paling pantas pimpin jakarta lima tahun depan,-1
102,pasca kena batu bentak kapolres jakarta selatan karena bikin macet jalan n,-1
103,mgk baik siap beli tiket pswt pulang ke kampung nenek moyang di a b sana,-1
104,pdip sengaja becah belah rakyat warga dki tidak pilih ahok teh hij,-1
105,para pemujapemuji kalau msh juga puji ini terlalu mbok ya kalau tugas boleh tapi realistis u,-1
106,retweet please nmenurut anda paslon mana yang paling pantas pimpin jakarta lima tahun depan,-1
107,para pemujapemuji kalau msh juga puji ini terlalu mbok ya kalau tugas boleh tapi realistis u,-1
108,sylviana kesyikan ngomong sendiri lupa tanya anies asyik nyerang pake data yg salah ya ahok joged aja udd ude,-1
109,meme baik awal tahun ini pecah goks,-1
110,paslon akan wujud birokrasi jakarta yang bersih dan layan dengan hati,-1
111,pilkada dki jangan pilih pki bahaya pilih atau saja djarot pak habibie mint,-1
112,dan belum temu kualitas paslon amp,-1
113,pilkada dki jakarta harap tidak pilih nomor bahaya laten komunis,-1
114, agus mungkin kebykan nonton harry potterdikit terbang apung atau emang jago mimpi nipu dosa lho,-1
115,jadi tanya apa dan ahok pun joged,-1
116,pilkada dki jakarta harap tidak pilih nomor bahaya laten komunis,-1
117,pdip sengaja becah belah rakyat warga dki tidak pilih ahok lazio d,-1
118,mantan tri didik yg harus santun dan bijak dalam bicara malah selalu serang dan jatuh,-1
119,pilkada dki jakarta harap tidak pilih nomor bahaya laten komunis,-1
120,kosep geser tanpa gusur hellowww masuk akal gk ya,-1
121,banding ntb dengan dki jakarta apa pantas padahal kita sama tahu jika mau banding sesuatu harus banding,-1
122,pilih awam pasti susah paham dg istilah asing yg hambur dr paslon n buknnya rakyat jd bahagia malah pusing,-1
123,pilkada dki jakarta harap tidak pilih nomor bahaya laten komunis,-1
124,pk anis nyinggung kjp rakyat jkt perlu tau nih justru pk anis itu di copot oleh pk jkw krn ngurus kip gk hasil,-1
125,kalau guna fantasi anies maka anies bisa tuding bhw ali sadikin bapak boy sadikin gak beres pimpin jakart u,-1
126,lah lu monolog jam yg hadir orang lu sendiri puja knp gak jelas ngeles aja emg gak bisa u,-1
127,pdip sengaja becah belah rakyat warga dki tidak pilih ahok tekuk t,-1
128,pak ahok sudah tepat pake data data dr kompas jg benar juga tp pak anis sudah tdk jabat menteri udd ude cc u,-1
129,tidak bisa dalam waktu tahun hrs beres semua karena masih ada yg dalam progres ini bukan sulap simsalabi u,-1
130,pilkada dki jakarta harap tidak pilih nomor bahaya laten komunis,-1
131,pilkada dki jakarta harap tidak pilih nomor bahaya laten komunis,-1
132,pilkada dki jakarta harap tidak pilih nomor bahaya laten komunis,-1
133,panik karena dakwa makin kuat bakal pilih lagi wkwkwkwk,-1
134,wah pak kurang tepat ini data,-1
135,bangkeeeeee siapa nih yang buat meme seperti ini gw ngakak brutal sampai planet jupiter hahahahaha u,-1
136,hanya beliau yg berani nyata diri layan dan akan layan masy dki sangat mulia terima kasih pak,-1
137,pdip sengaja becah belah rakyat warga dki tidak pilih ahok spurs s,-1
138,pilkada dki jakarta harap tidak pilih nomor bahaya laten komunis,-1
139,tonton debat cagub dki agus masih khayal,-1
140,akan siap bangun sistem transportasi dengan transparasi utk jawab tanya dari u,-1
141,pdip sengaja becah belah rakyat warga dki tidak pilih ahok perinta,-1
142,pilkada dki jangan pilih pki bahaya pilih atau saja hujan dan pasang laut di,-1
143,komitmen paslon birokrasi dengan semangat layan publik,-1
144,pak anies kita paham thn tdk ckup buat jkrta sempurna pasti ada kkurngan yg kita lihat itu progress jkt lebih baik n,-1
145,makin sering debat makin lihat karakter dan isi kepala paslon pokoke blt pasti kelar rw kasih duit kelaaar u,-1
146,ada yg jadi jd pimpin thn nggak jd apa sementara ahok baru thn sdh rubah jakarta apalagi kalau tambah u,-1
147,orang dosen yang harus kagum karena cerdas otak tapi ketika runtuh karena hobi jatuh orang lain u,-1
148,pilkada dki jakarta harap tidak pilih nomor bahaya laten komunis,-1
149,kirain cm sy yg ngrasa pas senyum sinis saat paslon sdg bicara mana brkacak pinggang pulak,-1
150,pdip sengaja becah belah rakyat warga dki tidak pilih ahok liverpo,-1
151,allah swt maha tahu yg ada di dlm hati kita amp,-1
152,dulu idola anies skrg jujur knapa anies jd karakter jahat ada yg ngerasa sama apa cmn gw,-1
153,ini harga perberita wartawan yang pelihara oleh pdip,-1
154,paslon gak ngerti brarti nyerang npaslon yg penting jakarta maju npaslon yg penting banyak kata mutiara u,-1
155,belum jd gubernur saja laku sdh norak gus debat ngomongin macet tp lu sndri bikin macet,-1
156,ya itu mental baru kelas danramil lagak jenderal,-1
157,kembali saya ingat siapa pun n nsekali lagi n ns i a p a p u n n nyang akhir menang n nyeezy kemal sudah siap n n,-1
158,pikir saya hanya no yg lindung rakyat sdgkan no amp,-1
159,pak anies ga pernah liat kali ya tiap pagi warga nungguin pak ahok depan kantor buat nyari solusi masalah mereka,-1
160,jelas pk ahok paling brkemampuan jd gubernur nklo yg kalian prmslahkan itu pribadi kalian cuma gak kenal sja asli baik n,-1
161,beda dan kalau agus warga seragam kalau ahok warga agam ingat kata agus a u,-1
162,surat annisa sangat pas dengan kondisi sekarang n n,-1
163,ken tau apa tanggap dan kalau gak perlu tanya ntar ngak nyambu u,-1
164,at least agus ahok ngomongin visi misi mereka di visi misi bukan nyoba ngejatohin orang ya,-1
165,pilkada dki jakarta harap tidak pilih nomor bahaya laten komunis,-1
166,moment of the day ahok jadi wasit ude udd ude udd ude udd n n,-1
167,ahok lerai sylvi dan anies the best moment of,-1
168,pilkada dki jangan pilih pki bahaya pilih atau saja nu dukung polda bal usu,-1
169,rakyat jakarta kok byk yg milih paslon ya smp ada di urut ke gitu pdhl msh naif amp,-1
170,kirain cm sy yg ngrasa pas senyum sinis saat paslon sdg bicara mana brkacak u,-1
171,ini harga perberita wartawan yang pelihara oleh pdip,-1
172,akhir publik pun tau mna yg layak dan uji,-1
173,skak mat untuk mpok silvi si mpok langsung acung ibu jempol ke bawah duhh jaga etika mpok malu tonton jut u,-1
174,buruk attitude bu sylvi dengar jawab pak ahok buat gestur jempol ke bawah wow,-1
175,cara paslon tanya ke paslon seperti sedang adu domba depan juta pasang mata tanpa etika u,-1
176,satu statement agus yang saya tuju dan erti tanya kepada paslon untuk serang no hahahaha,-1
177,aduh gw mah malu di kata orang jkt goblok apa,-1
178,ahok kami bukan saja rencana lawan ketidakadilan sosial dalam birokrasi kami sudah laku kami hilang pungli dsb,-1
179,semua orang sudah pintar kok jangan buang uang dan waktu sia sia,-1
180,waduh beneran kayak data dari ibu susanti,-1
181,anies ucnamanya sunda kelapa tapi mana kelapa ud n n,-1
182,makin lihat no tidak layak pimpin ada yg sdg selisih malah diketawain dan adu pula,-1
183,pilkada dki jakarta harap tidak pilih nomor bahaya laten komunis,-1
184,pilkada dki jakarta harap tidak pilih nomor bahaya laten komunis,-1
185,pilkada dki jakarta harap tidak pilih nomor bahaya laten komunis,-1
186,paslon berangkat dari orang tua npaslon berangkat dari alam npaslon berangkat dari teori n n,-1
187,nah sekarang saya bisa bayang koruptor rangkul tikus pesta rumah kumuh luk untung cuma bayang u,-1
188,telah saksi malam siapa yang paling pantas untuk pimpin dki jakarta,-1
189,keren nih serang masalah didik dki terus cerdas kenapa gak jadi mendikbud aja ya n n,-1
190,ahok kenal sbg gub tdk santun tp kok kesan saya si ahok paling santun ya hari ini dbanding agus dan anis,-1
191,gw bisa bayangin demo panjang tahun dgn rugi materilnon materil jika no msh nongol di dki negara tdk kondusif,-1
192,yang lain akan tanggulang banjir no sudah hilang banjir,-1
193,akhir kita tahu maksud pak jokowi,-1
194,bentar lagi bakal muncul jadi trending topic jadi tanya apa udd ude,-1
195,pilkada dki jakarta harap tidak pilih nomor bahaya laten komunis,-1
196,ahok agus atau anis atau pilih si anu anda yang tentu,-1
197,pak anies kita paham thn tdk ckup buat jkrta sempurna pasti ada kkurngan yg kita lihat itu progress jkt lebih baik n,-1
198,pak anies nyerang paslon pakek data tapi nyata data hoax ufffd ufffd uc,-1
199,highlight tonite n nbu silvi bla bla udd udca u udd udca npak anies terus tanya apa nbu silvi dasar cowo gak peka n n,-1
200,mau tipu public ya pak ckckck nkatanya harus jadi teladan,-1
201,kl turut pak paslon mana yg penuh retorika atau teori dan paslon mana yg pis misi kerja nyata utk u,-1
202,di ini pak anies bohong dan tidak pakai data,-1
203,tiap debat isi n kami akan akan akan akan akan akan pilih yg sudah,-1
204,ahok tetap naik jd gubernur nsalam jari,-1
205,kali ini pak anies nyebelin dari yang lalu bicara kaya ulama sekarang liat jadi politikus yang hau u,-1
206,anggota kerabat sebut keluarga jakarta debat rebut naga,-1
207,jadi tanya apa dan ahok pun joged,-1
208,analisis mengapa ahok unggul u dan paling muas pasca debat,-1
209,pilkada dki jangan pilih pki bahaya pilih atau saja kesan pasang calon usa,-1
210,mungkin maksud paslon sprt ini udd ude udd ude udd ude n n n,-1
211,hanya ahok djarot pantas pimpin jakarta lewat,-1
212,ahok gimana cara bangun tanpa gusur n nanak pepo geser dikit pak n ndikira angkot kali udd ude udd ude,-1
213,n nmemalukan muak nt lps anda cagub tpi prilaku anda tak pantas sbg anak ex u,-1
214,bingung,-1
215,ahok salah data di peringkat kemdikbud nyata bukan,-1
216,momen tak lupa,-1
217,itu tipu amp,-1
218,paslon akan naik gaji guru paud jika pilih waktu jadi mendikbud ente ngapain bray tidu u,-1
219,tiap debat isi n kami akan akan akan akan akan akan pilih yg sudah,-1
220,burung tilang suka nyanyi nyanyi atas peti yg lain cuma asal bunyi hanya no yang kasih bukti u,-1
221,orang tua yg benar kenal anak wlpn banyak,-1
222,paslon dalam makin tekan dan kritisi oleh paslon dan malah makin tunjuk kualitasn u,-1
223,coba deh buka mata dan hati lebar lebar dan legowo npak pantas saja buang u,-1
224,akhir kita tahu maksud pak jokowi,-1
225,masyarakat di edukasi jangan bodoh di beri solusi jangan upa semu janji,-1
226,ogah pilih koruptor masjid,-1
227,gestur anies lihat sinis dan sandi terlalu fokus soal kewirausahaan banyak hanya bicara akan dlm,-1
228,jakarta bukan simsalabim byangannya gampang nyata susah n,-1
229,wong debat serius kok malah digawe meme urip kakean guyon ndes situ sehat,-1
230,tetep nggak ada solusi,-1
231,anies tanya apa nsylvi boleh geser dikit nahok ude udd nagus bisaaa n,-1
232,paslon justru tenang amp,-1
233,maling bansos maling dana bangun masjid pa lagi anak maling uang negara,-1
234,prtnyaan pk ahok bagus pnasran jg bgmn cara geser pmukiman amp,-1
235,maling bansos maling dana bangun masjid pa lagi anak maling uang negara,-1
236,strategi konyol dalam sejarah acara debat sangat tidak intelek dan malu,-1
237,ahok tetap naik jd gubernur nsalam jari,-1
238,cuma ngasih tau ini lho contekanya ketuker daftar belanja,-1
239,ogah pilih koruptor masjid,-1
240,bagus lihat dari hasil nyata sangat kuasa masalah teknis sikap tegas memang kadang bawa korban n,-1
241,prof dr hj ini tnyata lupa kl attitude itu imaging atau memang itu karakter asli yg muncul spontan,-1
242,gelar ph d anies baswedan tidak malu serang dgn data abal,-1
243,ujar benci wajar namany juga orang pen jdi gubernur bohongin publik juga jadi,-1
244,pilkada dki jangan pilih pki bahaya pilih atau saja tni al tangkap kapal tki,-1
245,nlansia ibu dan wanita jakarta yang layak mulia bagi si dakwa ahok cuma leluco u,-1
246,pilkada dki jangan pilih pki bahaya pilih atau saja kesan pasang calon usa,-1
247,capedehhhh kumpul tukang tipu,-1
248,cara mas anies buka sesi debat elegan dan keren banget,-1
249,ide cerdas paslon ingin beri subsidi kpd angkot bagus jakarta amp,-1
250,ikut yuk n nkita pilih ahy gong xi fa cai,-1
251,lihat koruptor yg agama cuma di bibir amp,-1
252,pdip sengaja becah belah rakyat warga dki tidak pilih ahok olah,-1
253,agus beranda pukul anis punya jurus latih cuma sekali ahok punya satu pukul di latihn kali,-1
254,makin ahokdjarot kritik dan tel justru makin bukti benar kerja n,-1
255,asa kan manfaat nya drpd dulu mending sekarang n n n,-1
256,kepadapaslon n kembali k barak dasarcalonkarbitan n kembali k balai kota gubernurbeneran n kembali k kampus dosenbeneran,-1
257,salah pilih pasang atau jodoh yg paksa n n n,-1
258,beda konsep bangun jakarta vs ahy,-1
259,ahok jarot krn sdh bukti sementara paslon dan hanya retorika dan masih dlm angan,-1
260,eh ini nyinyir dulu ya itu paslon punya program ga sih daritadi kerja korek aib orang doang,-1
261,pilkada dki jakarta harap tidak pilih nomor bahaya laten komunis,-1
262,pokok hari ini harus tapi tanggal feb,-1
263,paslon kami akan begini begono harus begini begono rencana kami begini begono tapi inyon u,-1
264,antasari azhar datang tak datang,-1
265,gestur anies lihat sinis dan sandi terlalu fokus soal kewirausahaan banyak hanya bicara akan dlm,-1
266,kapolri minta masyarakat lihat video pidato ahok cara utuh lewat,-1
267,ketua mui minta ahok jelas minta maaf,-1
268,lihat kemarin jelas bahwa yg jadi adalah lawan thd ubah unt kembali ke ma u,-1
269,pilkada dki jakarta harap tidak pilih nomor bahaya laten komunis,-1
270,masalah awal dari kasus nista agama npenyelesaiannya jadi sumber masalah baru wujud kriminalisasi amp,-1
271,bener  bener kelar dki kalo emak yang pic jadi,-1
272,cadasss mas agus keren nih live mata najwa daripada gubernur kontroversi muluk udd ude,-1
273,mas agus tanggap tanya mslh dinasti kata bhw dinasti itu konotasi negatif amp,-1
274,mukaya agus merah bangettt cari dukung tonton pula untuk dukung jwbannya wkwkw,-1
275,mas agus yudhoyono tetap yang baik moga sukses di pilkada dki,-1
276,baik mau komentar apa juga bingung n,-1
277,paslon nmiliter loncat k gubernur n npaslon nbupati naik wagub naik gbernur n npaslon ndosen jd tri dcopot amp,-1
278,agus itu memang cerdas n jadi gugup najwa,-1
279,bangun tanpa sakit naniessandi cerdas santun amp,-1
280,ahok sudah minta maaf arti dia aku diri salah tinggal proses hukum jalan fadli zon,-1
281, cakep berentiin reklamasi agar kita dpt pantai pass di depan rumah kita pass lagi musim hujan hadew,-1
282,paslon once said jangan pilih pimpin yang justru pecah belah tonight i realised he should keep it for himself udd udec,-1
283,malaysiakini ahok mohon maaf tikai al quran ketika berkempen bahagian siasat jenayah polis ter,-1
284,lensaindonesia muhaimin iskandar minta maaf ahok sangat kita harga via lensaindonesia,-1
285,tahun saat live dg mas agus sama sekali tidak pikir untuk terjun ke dunia politik,-1
286,langsung ke pancing mas agus militer keluar p n,-1
287,jadi tanya apa,-1
288,pdip sengaja becah belah rakyat warga dki tidak pilih ahok temu,-1
289,pilkada dki jangan pilih pki bahaya pilih atau saja soal ganti patrialis,-1
290,perhati tiap sandi jawab seluruh tanya pasti ujung nyambung ke lapang kerja hanya kuasa itu saja,-1
291,sodorin cermin ke minta yg pegang,-1
292,polri minta masyarakat ikut awas proses hukum kasus ahok,-1
293,polisi cari saksi yang dengar langsung nyata ahok di pulau ribu,-1
294,silvy bla bla bla nya waktu habis nanies jadi tanya apa nsilvy pikir aja sendiri dasar smw cowok gak peka n,-1
295,silvy ke sandi uckita hampir pasang u ud n nnggak mau bayangin n n,-1
296,bagus juga ya untuk labuh semua lebih guna data lama daripada yang baru,-1
297,ini jg bs jd teman ngopi nkapolri minta masyarakat lihat video pidato ahok cara utuh via,-1
298,hooo ada agus yudhoyono di mata najwa nang gagah sih n n,-1
299,moga tdk ada sesal stlh resign dr tni mas agus yudhoyono politik bukan dunia anda tni lbh mbutuhkanmupassion mu dsana,-1
300,cb pake ini aja bisa sambil ngintip mas agus,-1
301,gak ada program tanya apa npslon program sedang jalan npslon minta bantu paslon bikin program,-1
302,pilkada dki jangan pilih pki bahaya pilih atau saja begini jejak lari,-1
303,telah hadir di studio agus harimurti yudhoyono bakal calon gubernur dki jakarta yang usung partai demokrat ppp pkb amp,-1
304,aduh gw mah malu di kata orang jkt goblok apa,-1
305,yah nama jh odong si,-1
306,kecuali krn gag suka program anies n,-1
307,ya kalo belum kan tinggal bilang aja mz agus yudhoyono itu undang kok sama mata najwa,-1
308,presidenkapolrigub dki paling top lama gw jd warga dki udd udcaa udc udfff gbu all bapak udd udef udc udffb,-1
309,ini video saat nusron wahid kritik mui soal ahok,-1
310,rachmawati singgung megawati ajak ahok ke makam bung karno,-1
311,mas agus tanggap tanya mslh dinasti kata bhw dinasti itu konotasi negatif amp,-1
312,suka ga suka ahok yg ajarin kita utk mantau rapat di youtube kalau niat jelek mah buat apa toh kita ga minta n,-1
313,aamiin mudah daerah yg lain segera susul lapor naamin,-1
314,cerita haru koh anton medan hadap koh ahok ahok patriot bangsa indonesia yang islami meski bukan islam n,-1
315,agus yudhoyono lawak di mata najwa udd ude,-1
316,lah kata syafii maarif dia gak kenal ahok,-1
317,langsung ke pancing mas agus militer keluar p n,-1
318,lebih ke penasaran sih sama apa target agus yudhoyono sampe rela henti dari militer,-1
319,ini imbau ahok supaya milik klub malam di jakarta tak tutup usaha via,-1
320,mereka senang karena di harga oleh pak ahok nmereka bangga hidup ubah ntanpa mereka semua jakarta bagai tum u,-1
321,aku nelayan ini ungkap jasa besar ahok balik kisruh reklamasi n,-1
322,sobat relasi jgn lupa saksi live talkshow mas agus harimurti yudhoyono di mlm ini pkl wib di u,-1
323,bukan hanya tapi juga medan surabaya aceh dan tidak mustahil umat di juga neg u,-1
324,tuh sm kerja buat steatment spt nkri ini negara arab masa mau bunuh ahok emang mrk nabi yg mau ko u,-1
325,alas anies sering turun ke masyarakat meski belum masa kampanye,-1
326,mas agus yudhoyono kok liat lebih ganteng yah malam ini di,-1
327,najwa ken posisi agus seperti mantan gub dki yg janji tahun mimpin dki nyata malah nyapres gitu lho nge u,-1
328,nyata mas agus ini kayak politikus kawak mantap counter attack,-1
329,ini video saat nusron wahid kritik mui soal ahok,-1
330,tanggap anda tentang rekomendasi mui hadap duga nista agama oleh ahok,-1
331,cuci mata sesimple mantengin mas agus di mata najwa awww,-1
332,agus yudhoyono nyata lebih lugas dan tegas dalam jawab banding sang bapak sby yg selalu hati dlm jawab keren n,-1
333,lama mas jomo msh jadi kusir temtu doi ga boleh sentuh lbh baik kita rapat baris thd islam yg m u,-1
334,agus yudhoyono tidak bisa dikte oleh mata najwa semua tanya najwa yg arah pojok dan jatuh justr u,-1
335,laknat biar modyaaarrr ini video saat nusron wahid kritik mui soal ahok,-1
336,polri kaga punya nyali udd udce,-1
337,jkw u ahok dua seperti dua joli yang sering bentrok dengan rakyat bukankah sejati pimpin itu member u,-1
338,kibas rambut lihat mas agus,-1
339,kaya jaman mos sekolah udd uded nkangen nis with anies pic u,-1
340,ahok dii ramein ndimas kanjeng aa gatot atau ustadz guntur bumi yang jelas bukti guna ayat al qur an,-1
341,dan mas agus ikut dlm konstetasi politik karena calon oleh beberapa partai dan benar tidak pernah duga sebelumny u,-1
342,tara institut nilai mui politik tdk sehat,-1
343,hahaha njadi yg dukung anies sandi sekarang sdh ga anti china lagi ya nsdh dpt hidayah rupa ua,-1
344,tarik banget nih bincang di tanya cerdas dari mbak najwa sanggup imbang agus yudhoyono d,-1
345,agus sableng anjiirrr udd ude udd ude udd ude ngakak sayaaaa,-1
346,saya lihat data lsi soal pilkada dki yang kejut survei okt ahok potensial kalah,-1
347,wadduh mungkin disamain diri mrk dlm buat krn bayar yah jgn pake ukur baju sendiri ke org lain dong,-1
348,ahok jelas alas puluh sekolah di dki gagal bangun tahun ini ahok jelas alas gagal ban,-1
349,hasil kerja ahokdjarot dlm bidang ekonomi,-1
350,telah hadir di studio agus harimurti yudhoyono bakal calon gubernur dki jakarta yg usung partai demokrat ppp pkb amp,-1
351,apaansi ini mas agus di matanajwa gebu banget udd ude,-1
352,mui ahok hina islam alquran dan ulama penjara harga mati sekali proses kasus rampok rssw dll selesai udd udeb,-1
353,ahok pns dki jakarta yang laku pungli kami pecat n,-1
354,serius kak soal turut si ay agus yudhoyono inibelum mantep tp bisa gitu jawabin pdhl najwa nusuknya dalem,-1
355,mas agus idola leo banget bawa,-1
356,dukung ahok selalu bilang yang nga suka ahok islam marah candu agama dll lha nusron tadi ngomong kayak dewa mabok u,-1
357,ahok jelas alas puluh sekolah di dki gagal bangun tahun ini ahok jelas alas gagal ban,-1
358,ahok jelas alas puluh sekolah di dki gagal bangun tahun ini ahok jelas alas gagal ban,-1
359,buzzer ahok yang rekrut dari latar agama sekarang mati gaya telah muncul agus dan anis rasa ahok gak perlu l u,-1
360,gue heran dukung ahok kaga ada cape ngetwit,-1
361,hahaha baru gesek sedikit aja sma mba nana agus sudah ngebul emosi santai aja mas di politik hrus siap di korek abiiiis,-1
362,mungkin blom makan atau tak kuasa masalah yg tanya,-1
363,liat kok najwa yg gelisahsmua tanya jawab sg cerdas oleh mas agus jawab cerdas dan akurat kok bilang emosi u,-1
364,dulu saya suka yusuf mansyur muda akhlak mulia dan agam tapi sekarang hemsss speechless deh ufffd ufffd,-1
365,kopi dibanyakingrogi tingkat dewa tuh si agus,-1
366,sobat relasi jgn lupa saksi live talkshow mas agus harimurti yudhoyono di mlm ini pkl wib di u,-1
367,masih tetep dukung ahok sih buat jadi gub lanjut,-1
368,ahy sdh kunjung ke tempo dan wawancara skr anies  sandi ahok  djarot coming soon kaya,-1
369,tegak hukum dan adil hadap ahok bagai laku hina alqur uan dan ulama,-1
370,hidup misteri men kita tidak akan tau akan seperti apa njalan hidup kita depan ngeri  ngeri sedap mas nagus yudhoyono kerenss,-1
371,bang tega buat buya sjafii jadi sedikit bohong ke publik demi bela ahok,-1
372,rachmawati singgung megawati ajak ahok ke makam bung karno rachmawati ungkap sudah u,-1
373,tanpa pandang bulu ahok bongkar lahan hotel untuk normalisasi kali krukut via,-1
374,heboh ahok tutup diskotik yang bukti edar narkoba berita baru ahok via,-1
375,celah korupsi habis fadli zon jokowi hadir di ott pungli kemenhub mau tutup isu ahok via,-1
376,ahok sudah minta maaf rachmawati proses hukum harus jalan,-1
377,asiknya habis bela ahok dapat amplop,-1
378,kena karma dholimi ahok ketua bpk harry azhar jatuh sanksi etik oleh mkke bpk,-1
379,belum jg wartawan yg tanyatpi agus yudhoyono liat panik dan sedikit emosi,-1
380,habiburokhman kalau ahok ikhlas saya ajak rekan rekan maaf dia berita baru hari ini via,-1
381,untung jokowi dan ahok dapat istri idam seperti ini berita baru hari ini via,-1
382,mas agus cerdas rek mantap mas,-1
383,ahok bela megawati soal gaya bicara yang kasar ustaz yusuf mansur orang bangka belitung santun,-1
384,mesti pilkada dki ini dpercepat aja gosah nunggu pilkada serentak biar ga nimbulin masalah smua krn ahokkl cagubnya bkn ahok ga rame,-1
385,wait tadi mas agus yudhoyono tanya apa sih kokkayaknya tegang sampe minum kopi di mata najwa udd ude udd ude,-1
386,mui guna isu agama untuk dukung calon tentu dan hajar ahokdjarot waduh main politik ya,-1
387,ahok jelas alas puluh sekolah di dki gagal bangun tahun ini ahok jelas alas gagal ban,-1
388,u soal quran polisi harus cari saksi yang dengar langsung nyata ahok di pulau ribu,-1
389,prtanyaan to agus apa yg mnjadi yakin diri untk bisa mnjadi gub selain usung parpol,-1
390,si mbak mego malah bawa ahok ziarah makam bung karno,-1
391,itb jd hater ahok ahoker said udd ude,-1
392,agus yudhoyono nyata lebih lugas dan tegas dalam jawab banding sang bapak sby yg selalu hati dlm jawab u,-1
393,fadli zon ppp djan faridz dukung ahok untuk rayu jokowi emang masalah buat lo zon via,-1
394,buni yani tebar benci isu sara ahok di ancam uu ite oleh polisi via,-1
395,wajar rachmawati singgung megawati bawa ahok ke makam bung karno,-1
396,soal quran polisi harus cari saksi yang dengar langsung nyata ahok di pulau ribu jakartapenyelidi,-1
397,wajar rachmawati singgung megawati bawa ahok ke makam bung karno jakartarachmawati soekarnoputri men,-1
398,soal quran polisi harus cari saksi yang dengar langsung nyata ahok di pulau ribu,-1
399,rachmawati soekarnoputri nyata dukung untuk aniessandi,-1
400,budiman sudjatmiko bijak ahok sering diframing pro  tribunnews,-1
401,polri tunda proses hukum ahok hingga selesai pilgub ipw marah umat islam akan puncak,-1
402,ahok tidak minta maaf atas nista agama habieb rizieq ayo polisi ahok,-1
403,soal quran polisi harus cari saksi yang dengar langsung nyata ahok di pulau ribu,-1
404,wajar rachmawati singgung megawati bawa ahok ke makam bung karno,-1
405,poin calgub dki di dlu udd uded nedisi taruh di jakarta by agus hy,-1
406,mui bayar berapa sama agus yudhoyono agar salah ahok,-1
407,tokoh muslim yg keras tolak ahok yaa tokoh muslim yg lama ini anti pancasila amp,-1
408,ahok jelas alas puluh sekolah di dki gagal bangun tahun ini ahok jelas alas gagal ban,-1
409,soal quran polisi harus cari saksi yang dengar langsung nyata ahok di pulau ribu,-1
410,mui jatim mas kanjeng dan ahok sama nista agama,-1
411,wajar rachmawati singgung megawati bawa ahok ke makam bung karno,-1
412,wajar rachmawati singgung megawati bawa ahok ke makam bung karno,-1
413,soal quran polisi harus cari saksi yang dengar langsung nyata ahok di pulau ribu,-1
414,ahok fitnah majelis rasulullah saat kampanye di n n,-1
415,mui jatim mas kanjeng dan ahok sama nista agama,-1
416,soal quran polisi harus cari saksi yang dengar langsung nyata ahok di pulau ribu jakartapenyelidik,-1
417,bagi mas agus jadi gub adlh panggil besar dlm hidup krn beliau mrsa mjd calon alternatif utk mjd jakarta lbh baik,-1
418,soal quran polisi harus cari saksi yang dengar langsung nyata ahok di pulau ribu,-1
419,mui jatim mas kanjeng dan ahok sama nista agama,-1
420,ahok jelas alas puluh sekolah di dki gagal bangun tahun ini ahok jelas alas gagal ban,-1
421,soal quran polisi harus cari saksi yang dengar langsung nyata ahok di pulau ribu,-1
422,wajar rachmawati singgung megawati bawa ahok ke makam bung karno,-1
423,ente mudah prasangka baik k ahok tp k ulama gampang prasangka buruk,-1
424,mui jatim mas kanjeng dan ahok sama nista agama,-1
425,doooh muka ini lhooo tampolable banget sik,-1
426,wajar rachmawati singgung megawati bawa ahok ke makam bung karno,-1
427,anda bisa ikut yang hadir agus harimurti yudhoyono lwt live streaming di u,-1
428,bagi mas agus jadi gub adlh panggil besar dlm hidup krn beliau mrsa mjd calon alternatif utk mjd jakarta lbh u,-1
429,soal quran polisi harus cari saksi yang dengar langsung nyata ahok di pulau ribu,-1
430,mui jatim mas kanjeng dan ahok sama nista agama konfrontasiketua mui jawa timur kh abdusshomad bu,-1
431,ini video saat nusron wahid kritik mui soal ahok,-1
432,mui jatim mas kanjeng dan ahok sama nista agama konfrontasiketua mui jawa timur kh abdusshomad bu,-1
433,tempo hari saya bilang klo ahok kalah saya akan dukung ahy tapi lihat fansboy ahy yg bringas ga jadi akh ngerikkk lihat is u,-1
434,wajar rachmawati singgung megawati bawa ahok ke makam bung karno,-1
435,wajar rachmawati singgung megawati bawa ahok ke makam bung karno,-1
436,mui jatim mas kanjeng dan ahok sama nista agama,-1
437,ahok jelas alas puluh sekolah di dki gagal bangun tahun ini ahok jelas alas gagal ban,-1
438,mui jatim mas kanjeng dan ahok sama nista agama,-1
439,wajar rachmawati singgung megawati bawa ahok ke makam bung karno,-1
440,ahok benar al maidah itu kait konteks perang bukan konteks pilkada kalau ada yg kait pilkada berar u,-1
441,mui jatim mas kanjeng dan ahok sama nista agama,-1
442,ahok jelas alas puluh sekolah di dki gagal bangun tahun ini ahok jelas alas gagal ban,-1
443,soal quran polisi harus cari saksi yang dengar langsung nyata ahok di pulau ribu,-1
444,mui jatim mas kanjeng dan ahok sama nista agama,-1
445,mui jatim mas kanjeng dan ahok sama nista agama,-1
446,mui jatim mas kanjeng dan ahok sama nista agama,-1
447,selain ahok ni pada minta maaf dong betul kata dgln,-1
448,dan mas agus ikut dlm konstetasi politik karena calon oleh beberapa partai dan benar tidak pernah duga sebelumny u,-1
449,ahok agus dan anies adu program tata ruang dki ini banding,-1
450,mui jatim mas kanjeng dan ahok sama nista agama,-1
451,tuju cuma gmn cara jatuhin ahok bkn gimana bikin jakarta lebih maju dan rakyat sejahtera,-1
452,mui jatim mas kanjeng dan ahok sama nista agama,-1
453,soal quran polisi harus cari saksi yang dengar langsung nyata ahok di pulau ribu,-1
454,najwa nanyanya pinter banget agus jawab nggak kalah pinter,-1
455,ahok agus dan anies adu program tata ruang dki ini banding,-1
456,mui jatim mas kanjeng dan ahok sama nista agama,-1
457,wajar rachmawati singgung megawati bawa ahok ke makam bung karno,-1
458,arah kembang api ke rumah dinas ahok pria ini tangkap,-1
459,konteks mungkin sama dalam kasus ahok publik tidak rela dg dapat ahok soal qs al maidah,-1
460,ahok sophia latjuba dan tim sukses makan malam dan rapat di rumah dinas u,-1
461,ahok minta maaf pakar ucproses hukum jalan terus tak ada hubung dengan minta maaf ud  salam online,-1
462,mas agus nyata bahwa saat ini beliau hrs sesuai kondisi saat ini politik amp,-1
463,mas agus tanggap tanya ttg kutip rekam beliau jawab mas agus tetap konsisten,-1
464,dulu saat mhs ui minta maaf hubung video tolak ahok dia bilang tak cukup hny minta maaf ahok makan omongann u,-1
465,iya dari siang tdi mmg dukung ahok utk,-1
466,mui hukum islam sempit sudah tidak relevan semua tahu allah hanya konsep buruk rupa sifat cermin belah malu aku ahok benar,-1
467,saya lihat data lsi soal pilkada dki yang kejut survei okt ahok potensial kalah,-1
468,anggap sudah bukti kerja abdee slank dari dulu dukung ahok,-1
469,unggah video ahok kutip al maidah aku salah ngaku salah tp tdk minta maaf amp,-1
470,mas agus ini gimana sih,-1
471,rachmawati singgung megawati ajak ahok ke makam bung karno,-1
472,agus yudhoyono ini karirnya lagi bagus di ranah militer langsung putus belok ke cagub ini tanya banget sebenernya ya,-1
473,jangan lewat malam ini live pk wib sama bakal calon gubernur agus harimurti yudhoyono,-1
474,ketua mui minta ahok jelas minta maaf,-1
475,belum belum greget ngegampar jawab om agus yudhoyono bu najwa shihab masih belum dalem banget nih oke this is getting interesting,-1
476,pilkada dki ahok temu sophia latjuba sengaja tak ajak djarot,-1
477,alas anies sering turun ke masyarakat meski belum masa kampanye tribunpekanbaru,-1
478,terus tuai simpati nachrowi ramli terima dagang besi tua dukung agus harimurti,-1
479,rachmawati singgung megawati ajak ahok ke makam bung karno,-1
480,rachmawati singgung megawati ajak ahok ke makam bung karno,-1
481,pilkada dki ahok temu sophia latjuba sengaja tak ajak djarot,-1
482,mui jatim mas kanjeng dan ahok sama nista agama,-1
483,detikcom ahok agus dan anies adu program tata ruang dki ini banding,-1
484,agus yudhoyono jadi gubernur jakarta adalah greater call untuk saya,-1
485,ini video saat nusron wahid kritik mui soal ahok,-1
486,nusron wahid tak satu pun kalimat ahok nista alquran via,-1
487,mnrt mas agus banyak sekali putus pd saat beliau masih tugas bagai komandan batalion,-1
488,klo hujat spt ahok pasti diare,-1
489,alas anies sering turun ke masyarakat meski belum masa kampanye,-1
490,rachmawati singgung megawati ajak ahok ke makam bung karno,-1
491,alas anies sering turun ke masyarakat meski belum masa kampanye,-1
492,ahok raperda reklamasi tidak ada kait dengan luhut,-1
493,mas agus blm siap sori mentah bgt,-1
494,nusron wahid tak satu pun kalimat ahok nista alquran via,-1
495,alas anies sering turun ke masyarakat meski belum masa kampanye,-1
496,jelas nusron wahid soal nyata ahok yang kutip ayat al quran dan picu kontroversi via,-1
497,video mahasiswa lhokseumawe demo ahok,-1
498,ini video saat nusron wahid kritik mui soal ahok,-1
499,mnrt mas agus banyak sekali putus pd saat beliau masih tugas bagai komandan batalion,-1
500,video mahasiswa lhokseumawe demo ahok,-1
501,video mahasiswa lhokseumawe demo ahok massa aku sangat ganggu dengan ucap ahok pada,-1
502,agus yudhoyono ini karirnya lagi bagus di ranah militer langsung putus belok ke cagub ini tanya banget u,-1
503,tribunpekanbaru rachmawati singgung megawati ajak ahok ke makam bung karno,-1
504,telah liat agus di apakah agus pilih yg tepat,-1
505,gawat mas agus kena hantam najwa udd ude udd ude,-1
506,alas anies sering turun ke masyarakat meski belum masa kampanye,-1
507,tribunpekanbaru alas anies sering turun ke masyarakat meski belum masa kampanye,-1
508,jelas karena minta maaf kemarin turut saya bagai orang dalam kategori awam belum rasa bapak memint u,-1
509,ahok jilbab yang pakai yang kayak serbet malah mungkin lebih bagus serbet di dapur saya n n,-1
510,senayan hindar amarah publik dprd dki minta lengser ahok,-1
511,agus jawab muter ahga tajem tepat sasar udd ude udd ude udd ude pic u,-1
512,rachmawati tertawa ketika tanya apakah dia juga akan ajak aniessandiaga ke makam ayah ia,-1
513,rachmawati singgung megawati ajak ahok ke makam bung karno rachmawati tertawa ketika tanya apakah dia j,-1
514,agus yudhoyono ada di acara di nkaku banget om kayak sedang interview kerja,-1
515,ahok nelayan yang antireklamasi sila pergi dari muara angke hebat ya,-1
516,doooh muka ini lhooo tampolable banget sik,-1
517,telah mati bela ahok di ilc nusron purnomo traktir kasih makan oleh para cukong china,-1
518,alas anies sering turun ke masyarakat meski belum masa kampanye via tribun,-1
519,alas anies sering turun ke masyarakat meski belum masa kampanye anies jelas diri rasa perlu un,-1
520,alas anies sering turun ke masyarakat meski belum masa kampanye cincin,-1
521,rachmawati singgung megawati ajak ahok ke makam bung karno,-1
522,fadli zon tukang becak dan presiden jika masalah harus adil apalagi ahok,-1
523,ahy agus harimurti yudoyono ahy baca ahaaayeee uyeeee n n n ngaring krik krik kraaaauk,-1
524,video mahasiswa lhokseumawe demo ahok,-1
525,bru pertama kali nonton mata najwa itu karna ada agus nyata najwa gin toh suka potong bicara orang n,-1
526,sangat salut dgn nusron wahid dlm argumentasi di ilc soal ahokkita perlu lbh banyak lg di indonesia org seperti dia u,-1
527,alas anies sering turun ke masyarakat meski belum masa kampanye anies jelas d,-1
528,ini alas ahok temu sophia latjuba tanpa djarot jakarta pos kota u jelang masa kampanye pilkada dki,-1
529,hahaha njadi yg dukung anies sandi sekarang sdh ga anti china lagi ya nsdh dpt hidayah rupa ua,-1
530,ekor singa yg pimpin ribu domba lbh takut dr singa yg pimpin ekor domba di jkt kita butuh singa u,-1
531,mesti pilkada dki ini dpercepat aja gosah nunggu pilkada serentak biar ga nimbulin masalah smua krn ahokkl cagubnya b u,-1
532,tum pkb yakin mayoritas warga nu di jakarta dukung agussylvi,-1
533,iwan fals garagara ahok kita ingat alquran,-1
534,mas agus yudhoyono tetap yang baik moga sukses di pilkada dki,-1
535,oke om ini mata hitam silah tempel di berita si bobrok ahok main a u,-1
536,ulama yg bela ahok adalah ulama ah betapa islami organisasi ini jatiwaringin raya jam an tadi,-1
537,kalau pak ahok nista agama dia tak akan bisa keluar dari pulau ini kata warga pulau ribu,-1
538,retweeted salam uc udc udffb ufef ahok vonis salah djarot belum tentu naik tahta,-1
539,astaghfirullah nsegitunya mereka laku para ulama nkalian pikir beliau itu komoditi,-1
540,gimana nih om halusinasi tingkat dewa kayak no ini,-1
541,loh survei baru spin ahokdjarot masih jaya href rel nofollow uedlvr it uc a ue truncated false in reply to status id null in reply to status id str null in reply to user id null in reply to user id str null in reply to screen name null user id id str name sep utc offset time zone jakarta geo enabled true lang en contributors enabled false is translator false profile background color profile background image url http pbs twimg com profile background images bjrj d jpeg profile background image url,-1
542,daripada ngelamun bantuin ya om biar publik tau apa beda agus sama ahok hehee uc,-1
543,loh survei baru spin ahokdjarot masih jaya,-1
544,anda perlu lihat foto ini apakah kita akan dukung calon gubernur yg dukung organisasi seperti ini tolong rtn u,-1
545,ahok dijatuhin tinggal tunggu gilir jokowi dijatuhin pake isu komunis ndan gelagat udah terang benderang,-1
546,hasil kerja ahok sudah bisa lihat dan rasa warga jakarta ini hal yang tidak bisa dipungkiri n,-1
547,iya program yg mana yg dah dijalanin ahok  display text range source uca href http twitter com download android rel nofollow uetwitter for android uc a ue truncated false in reply to status id in reply to status id str in reply to user id in reply to user id str in reply to screen name diralestari user id id str name indonesia url http muhammadputrarinjani blogspot com description just an ordinary guy a k a grassrooters neurotic political criminal a traveler of life journey http ui academia edu reizarinjani protected false verified false followers count friends count listed count favourites count statuses count created at mon apr utc offset time zone jakarta geo enabled false lang en contributors enabled false is translator false profile background color cdeed profile background image url http pbs twimg com profile background images marchpop jpg profile background image url lestari id id str indices screen name alexemeru name gusnaidi id id str indices screen name agusyudhoyono name agus yudhoyono id id str indices screen name aniesbaswedan name anies baswedan id id str indices symbols favorited false retweeted false filter level low lang in timestamp ms,-1
548,duh malu plt gubernur dki bantah ucap ahok gaji pns rp  juta,-1
549,junaedi albaghdadi geram zikir akbar yang pimpin dipolitisir tim ahokdjarot n,-1
550,dukung ahok anggun c sasmi saya muslim dia kristen,-1
551,ahokdjarot dapat dukung dari ratus aktivis perempuan,-1
552,spin ahok unggul hanya di pilih etnis china lebih nihil n,-1
553,december at pm,-1
554,geger si ahok,-1
555,rp miliar ubah jadi rp juta soni sumarsono sorak atlet ahok heran,-1
556,ahok us ublasphemy u trial underway as his relentless eviction campaign continues,-1
557,jakarta mayor ahok most googled in indonesia u malaysia outlook press release registration,-1
558,edar tanda tangan palsu anies soal syariat islam di jakarta republika online,-1
559,tdk ada pengaruh dhani dukung anies karakter dukung dng yg dukung sama mulut ember alias bohong,-1
560,asa univ paramadina tdk seagresig universitas lain growthnya status quo aja gitumaaf smg sy salah,-1
561,tuding acara ahok berpofesi bagai notaris acta nyata tak punya bukti lewat,-1
562,mang apa program yg dah dikerjain ahok,-1
563,ahok antara hati amp,-1
564,tulus orang ahok,-1
565,pecat ahok kepsek menang di tingkat kasasi,-1
566,kenapa plt bukan ahok yg pilih turut std n kwalitas dia akhir kan dptnya coleng gin udd ude,-1
567,pilkada dki jangan pilih pki bahaya pilih atau saja pdip usai nonton debat,-1
568,phd abal abal sumpah ga respect lagi sama anies baswedan retorika ga ada solusi nyinyir orang doang u,-1
569,yg pasti mah mendikbud gagal,-1
570,ganti dia pikir dia paling pintar boleh om,-1
571,ahok struktur bagus identified problem gt,-1
572,ikhtisar n n just duit n just do it n just do if,-1
573,temu kejut ramai twitter di dan soal dukung ahok,-1
574,ahy debat udah kelas capres aja tegas cerdas dan wibawa,-1
575,saya doa moga sampeyan jadi menang di kontes pilgub dki kalau sudah jadi gubernur jgn seperti ahok yg u,-1
576,apa cuma gue doang tiap paslon ngomong volume langsung gue gedein sedang paslon ngomong langsung dikecilin lagi udd ude,-1
577,pilkada dki jangan pilih pki bahaya pilih atau saja pungli di dinas penanama,-1
578,orang dosen yang harus kagum karena cerdas otak tapi ketika runtuh karena hobi jatuh orang lain u,-1
579,coba deh buka mata dan hati lebar lebar dan legowo npak pantas saja buang u,-1
580,surat annisa sangat pas dengan kondisi sekarang n n,-1
581,yang lain akan tanggulang banjir no sudah hilang banjir,-1
582,masyarakat indonesia tidak salah pilih pimpin nsaya dukung pak anies nsemangaat,-1
583,makin wibawa npaslon makin lucu bingung jawab serang paslon npaslon makin garang d u,-1
584,telah debat makin mantap dengan mas dan mpok yaa pak udd udea,-1
585,dari awal kampanye kan sudah biasa salah data mulu dan ga perlu kaget kalo over budget u,-1
586,di tinggal ahok cuti jakarta makin kacauuuuparahhhh,-1
587,gelar ph d anies baswedan tidak malu serang dgn data abal,-1
588,ibu sylvi adalah contoh bahwa wanita itu sulit tebak dan pak anies contoh pria yg gak peka,-1
589,gelar ph d anies baswedan tidak malu serang dgn data abal,-1
590,meme aksi ahok saat debat viral di medsos,-1
591,pak anies bilang rankingnya salah telah saya jabat jadi ranking klo ranking kok gak jadi men u,-1
592,mulut dengan tangan ta sakit orang,-1
593,gw yakin yang ribut soal cagub dki bukan warga dki doang udd ude malah kadang yang bukan warga dki lebih heboh udd ude,-1
594,jaman sekarang susah cari pimpin obyektif yang selalu pijak pada benar dan layak jadi referensi kata ubnya n,-1
595,ikut yuk udd udc udd udc uc udc udffb ufef n nkita pilih ahy gong xi fa cai,-1
596,mpok gmn dapat ttg makan rendang pake kecap,-1
597,urus kip gimana,-1
598,ini yg gue bilang yg hebat di tim itu cuma tukang foto coba zoom orang dikit kebyakan bers u,-1
599,di dalam debat ngawur luar debat jg ngawur yg begini msh dipujapuji kalian tugas puja u,-1
600,siapa nih calon gubernur dan wakil gubernur yang kalian tunggu di,-1
601,siapa yang paling ingin kalian saksi di malam ini,-1
602,paslon dalam makin tekan dan kritisi oleh paslon dan malah makin tunjuk kualitas,-1
603,pilkada dki jangan pilih pki bahaya pilih atau saja ini strategi anies turun,-1
604,pilkada dki jangan pilih pki bahaya pilih atau saja nu dukung polda bal usu,-1
605,kl turut pak paslon mana yg penuh retorika atau teori dan paslon mana yg pis misi kerja nyata utk u,-1
606,salut sama no tdk balas dgn pojok pasang no n tp jelas semua program dgn jelas u,-1
607,sylvi just like ibu arisan that can talk bad about her neighbor but without seeing herself,-1
608,pake urat banget paslon lol,-1
609,paslon akan naik gaji guru paud jika pilih waktu jadi mendikbud ente ngapain bray tidur,-1
610,judul no di kepungtpi lucu no jadi tengah di antara dan,-1
611,pak anies ini jakarta ini jakarta n nnetizen yang bilang polewali mandar siapa pak udd ude n n,-1
612,pilkada dki jakarta harap tidak pilih nomor bahaya laten komunis,-1
613,strategi konyol dalam sejarah acara debat sangat tidak intelek dan malu,-1
614,lihat kemarin jelas bahwa yg jadi adalah lawan thd ubah unt kembali ke masa lalu,-1
615,jangan sampai anda sesal telah pilih pasang yg salah and so use to brain and i chose no,-1
616,you not fair anda mau naik gaji guru paud kalo jd gub dki kenapa anda tidak laku saa u,-1
617,agus awang bansos bangun masjid sylvi nyinyir,-1
618,well pilih saya tweni nain may ej pertikal hosing status makmur m u,-1
619,agus awang bansos bangun masjid sylvi nyinyir,-1
620,yang tengah seperti narasumber yg kiri dan kanan cuma moderator sekaligus pena,-1
621,jadi post apakah tdk lbh baik jadi tema ubah mental ini scr lbh kuat frontal jadi v,-1
622,meme aksi ahok saat debat viral di medsos,-1
623,tv mana yg dalam berita pilkada dki bisa di percaya amp,-1
624,tv mana yg dalam berita pilkada dki bisa di percaya amp,-1
625,bukti jauh apa untung bawa n xi fa cai n,-1
626,selesai debat sylvi langsung semprot pepo memo ojo ngono pie toh,-1
627,selesai debat sylvi langsung semprot pepo memo ojo ngono pie toh,-1
628,sebut orang baik kalau bisa beri contoh yang baik n,-1
629,saat anies bicara soal didik pada yang jadi justru makin kuat alas jokowi henti dari menteri,-1
630,pilih yang mana nih guys,-1
631,kata sunda kelapa kok gk ada kelapa kampung rambutan isi mikrolet udd ude udd udewkwkwkwk,-1
632,layak untuk beri sempat karena cukup kuasa masalah tidak normatif tahu apa yg harus laku n,-1
633,birokrasi yg layan rakyat emank badja gak ada lawan nya,-1
634,wong debat serius kok malah digawe meme urip kakean guyon ndes situ sehat,-1
635,paslon justru tenang amp,-1
636,wau super sekali smpai pagi ini hashtag msh tahan udd ude udd ude udd ude udd ude udd udea udd udea,-1
637,jangan sampai anda sesal telah pilih pasang yg salah and so use to brain and i chose no,-1
638,nah gue pikir sentimen tahana oke di malam tapi mnrt politicawave malah balik geng u,-1
639,pilkada dki jangan pilih pki bahaya pilih atau saja ini strategi anies turun,-1
640,dalam lihat paslon dan kerja sama serang paslon bukti valid adl kata paslon sm pak anies tahu kok,-1
641,amat khawatir antasari jadi komoditas politik n,-1
642,apa pertanyaanya jawab tetap yg penting kreatif n goodwill n n yg tdk tuju silah keluar dari habitat masing n n,-1
643,omg anies sangat nyinyir yaa so manipulatif emotional mana seorg dosen yg objective he s lost,-1
644,pepo lupa ngasih tau maap ya nak ujar pepo sadar hal itu jadi bumerang buahhatinya,-1
645,anissandi pro lingkung tanah sbg fungsi lingkung resap air harus di jaga,-1
646,pilkada dki jakarta harap tidak pilih nomor bahaya laten komunis,-1
647,nu awal nkri fpihti ingin rusak ri amp,-1
648,no vickynisasi nno realita nno motivator nyasar n,-1
649,ajar undang dulu baru statement program,-1
650,mari tulis sejarah baru mari gotong jakarta jadi kota dunia bangga punya pimpin visioner,-1
651,ahok lah yang baik,-1
652,cara konten tanya dominasi kritik kerja tahana tetapi tahana tetap unggul amp,-1
653,begini ini reaksi dalam malam ketika dengar jawab dari ahok n nchildish n n,-1
654,pilkada dki pilih ahokdjarot paling solid cc,-1
655,pilkada dki jakarta harap tidak pilih nomor bahaya laten komunis,-1
656,selamat pagi mari kita pikir jenak ude udd ude udd ude udd,-1
657,mpok sylvi kurang maksimal manfaat data dalam dan justru makin tunjuk lemah saat ada di birokrasi,-1
658,agus makin santai nahok makin santun nanies makin esmosi n nimho n,-1
659,usai sudah warga jakarta insyaallah makin yakin no,-1
660,ketua mui minta ahok jelas minta maaf,-1
661,lihat pa tangkap atas lapor warga tapi btp bebas padahal ada lapor bpk n n,-1
662,anehh bin ajaib ada paslon papar data transjakarta naik hanya padahal asli hingga data tidak jelas,-1
663,alas anies sering turun ke masyarakat meski belum masa kampanye,-1
664,ada benernya juga bang udd ude saya jadi ikut baca udd udef udc udffd udd udef udc udffd udd udef udc udffd,-1
665,liat bgt najwa ken jatuh agus tpi agus pandai jawab kereeenn dahhh udd udcd n,-1
666,paslon laku propaganda paslon laku kampanye paslon laku agitasi dalam,-1
667,ini pilkada dki bosss bukan pilkades pil kb pilkadut bkn jg konser boy band hadeh anak muda alay u,-1
668,pdip sengaja becah belah rakyat warga dki tidak pilih ahok singkaw,-1
669,mau dong lunch sm sosok keren itu hehhehe,-1
670,pilkada dki jangan pilih pki bahaya pilih atau saja tni al tangkap kapal tki,-1
671,anies makin lihat asli masyarakat sudah cerdas tidak mudah bohong dengan opini yang kelabu data,-1
672,perhati tiap sandi jawab seluruh tanya pasti ujung nyambung ke lapang kerja hanya kuasa itu saja,-1
673,mui lembaga umat islam yg aku perintah dn solusi hk mrpkn way out dr mslh pidato ahok dn bareskrim hrs periksa ah u,-1
674,mas agus kalo tegang nyruput kopi dulu mas biar makin membaraa yy udd ude u,-1
675,ahok mohon maaf tikai al quran ketika berkempen bahagian siasat jenayah polis terima lapor daripada,-1
676,pilkada dki jakarta harap tidak pilih nomor bahaya laten komunis,-1
677,ajar data dulu baru serang lawan,-1
678,saat anies bicara soal didik pada yang jadi justru makin kuat alas jokowi henti dari menteri,-1
679,jangan sampai reklamasi untuk top of the top yg eksklusif cikal bakal benteng voc jilid,-1
680,lebih ke penasaran sih sama apa target agus yudhoyono sampe rela henti dari militer,-1
681,rada kasi sih sama bu sylvi telah insiden overtime amp,-1
682,dalam paslon terlalu sibuk citra tahana gagal dalam pimpin jakarta dan sibuk ini jadi bumerang,-1
683,paslon harus lebih baik tampil namun rusak garagara monolog mpok sylvi yang lebih amp,-1
684,dan mas agus ikut dlm konstetasi politik karena calon oleh beberapa partai dan benar tidak pernah duga belum,-1
685,beda dengan megawati rachmawati dukung aniessandi,-1
686,kata sunda kelapa kok gk ada kelapa kampung rambutan isi mikrolet udd ude udd udewkwkwkwk,-1
687,wakakakakkkk anjir asli gak tahan ngakak,-1
688,pdip sengaja becah belah rakyat warga dki tidak pilih ahok bangkru,-1
689,org mungkin blm tau klo sbnrnya para pimpin koalisi yg usung agus krn inspirasi nnton descendant of sun,-1
690,jempol ke bawah tunjuk cawagub paslon tak punya respect thd mantan bos ya rab,-1
691,pimpin intelektual cerdas dan punya karismatik you the best sir agus,-1
692,lho dukung agus kah klo iya sama dong seperti yg mui itu hmmm,-1
693,gue bangga npak basuki bangga napalagi dukung ahokdjarot pasti lebih bangga lagi nmui diam bisu nyusuf mansur u,-1
694,pilkada dki jakarta harap tidak pilih nomor bahaya laten komunis,-1
695,polri tunda proses hukum ahok hingga selesai pilgub ipw marah umat islam akan puncak u panjimas,-1
696,selow mas agus ngopi dulu biar tambah kece jawab,-1
697,ingin jatuh kan karakter mas agus babak pertama masih imbang,-1
698,polri tunda proses hukum ahok hingga selesai pilgub ipw marah umat islam akan puncak,-1
699,kalo gak kuat jawab tanya mending lambai tangan ke arah kamera deh udd ude udd ude udd ude,-1
700,unggah video ahok buni yani bantah tim sukses cagub dki,-1
701,pimpin intelektual cerdas dan punya karismatik you the best sir agus,-1
702,ngopi sambil baca ini yuukk nterkait ahok tara institute nilai mui politik via,-1
703,nlansia ibu dan wanita jakarta yang layak mulia bagi si dakwa ahok cuma leluco u,-1
704,amat khawatir antasari jadi komoditas politik n,-1
705,masih tetep dukung ahok sih buat jadi gub lanjut,-1
706,lensaindonesia muhaimin iskandar minta maaf ahok sangat kita harga via lensaindonesia,-1
707,najwa shihab ini keren juga adu argumen sama ahy lihat banget agus keki jawab tanya najwa,-1
708,ahok bukan yg pertama jadi korban plintiran gt,-1
709,imo agus harimurti lebih karisma dengan seragam tni udd udea,-1
710,hax baru awal aja si agus dah pancing emosi gimana mo jadi politis bro lawan udd udeb,-1
711,gaya bicara ahok yusril bilang ilmu geografi megawati payah,-1
712,ahok mata sipit di ejek nusron mata gak sipit di ejek juga tuduh melotot susah mmg ktika dengki n bo u,-1
713,suka dengan jawabn mas najwa juga keren n,-1
714,agus yudhoyono sangat cerdas sekali tidak bisa patah dan tidak bisa pojok serta tidak bisa jatuh oleh tanya mata najwa,-1
715,ahok jelas alas puluh sekolah di dki gagal bangun tahun ini ahok jelas alas gagal ban,-1
716,video saat nusron wahid kritik mui soal ahok,-1
717,halo pak ahok google maps di ios baru widget,-1
718,ahok minta maaf tapi proses hukum hrs tetap dtegakan agar jd ajar kdepan yselamat dan tdk y sseorg gantung dr ucap y,-1
719,kasus ahok bareskrim monggo awas tangan,-1
720,najwa ken posisi agus seperti mantan gub dki yg janji tahun mimpin dki nyata malah nyapres gitu lho ngerti kan,-1
721,pak nusron tolong ini orang di hukum sudah maki bapak biar ini ank tau atur pak saya tetap pendu u,-1
722,tadi gak mau terang dukung ahok semua ubah gegara ustad haus darah n,-1
723,rsuk taman sari ini dulunya adlh pskesmas yg bangun mnjadi rsu tipe d lantai olh ahok ht u,-1
724,ahok jelas alas puluh sekolah di dki gagal bangun tahun ini ahok jelas alas gagal ban,-1
725,profesi mz agus yudhoyono belum terjun ke dunia politik,-1
726,sebenarya sedikit kaget dengan calon agus yudhoyono di pilih umum gubernur karena karier di militer lagi bagu u,-1
727,ini video saat nusron wahid kritik mui soal ahok,-1
728,mending mana ahok keras lawan korupsi ato agam mui mntkan bunuh potong tanganmenag korup anggran haji,-1
729,nyata hebat nusron wahid soal ahok di ilc tvone oktober,-1
730,wah terimakasih kasih ayo saksi mas agus di live hari ini jam,-1
731,ahok jelas alas puluh sekolah di dki gagal bangun tahun ini ahok jelas alas gagal ban,-1
732,prestasi ahok roboh karena mulut ceroboh,-1
733,menag apresiasi mui yang ajak umat islam maaf ahok,-1
734,pesan sus untuk para laku usaha di industri ikan ahok,-1
735,yukk saksi live dgn mas agus yudhoyono jam di metrotv n,-1
736,kata polda pantau dunia maya kok laku ahokers yg resah biar yg tindak cm yg anti ahok ya,-1
737,gw tadi harap lawan ahok itu risma rk kang yoto mas yoyok mas azwar anas nurdin bantaeng atau kepala daerah ber u,-1
738,udd ude gara ahok kita jadi inget al quran udd udef udc udffc,-1
739,anies baswedan blusukan di tambur,-1
740,ini mui atau isis sangat seram,-1
741,nonton mata najwa mas luar biasa mas agus situ,-1
742,apa jawab agus soal putus saksi sama ahy taruh di jakarta malam ini pkl wib u,-1
743,syafii maarif ahok itu bukan orang jahat kalo dia sudah minta maaf ya sudah sudah selesai jangan panjang u,-1
744,lensaindonesia muhaimin iskandar minta maaf ahok sangat kita harga via lensaindonesia,-1
745,vivacoid ini video saat nusron wahid kritik mui soal ahok,-1
746,polri minta maaf ahok tidak henti proses hukum,-1
747,polri minta maaf ahok tidak henti proses hukum,-1
748,agus yudhoyono nyata lebih lugas dan tegas dalam jawab banding sang bapak sby yg selalu hati dlm jawab keren n,-1
749,lama mas jomo msh jadi kusir temtu doi ga boleh sentuh lbh baik kita rapat baris thd islam yg m u,-1
750,he heee rela gadai akidah demi si ahok,-1
751,fokus penjara ahok dan yg kek akun baju kaos itu jgn dladeni,-1
752,cewek cantik partai baru psi deklarasi dukung ahok di pilkada dki via,-1
753,ahok minta dprd lanjut bahas raperda reklamasi teluk jakarta via,-1
754,djan faridz bungkam amat politik ppp dukung ahok karena tindak jalan dgn islam via,-1
755,agus yudhoyono ga emosi kok mungkin krn mantan militer jd jawab tegas gitu udd ude,-1
756,soal quran polisi harus cari saksi yang dengar langsung nyata ahok di pulau ribu,-1
757,kemaren koq ngotot bilang dia bukan orang bodoh yang ga ngerti uu,-1
758,jangan motong nyata org kang masa ahok doang yg ga boleh d potong omong,-1
759, soal quran polisi harus cari saksi yang dengar langsung nyata ahok di pulau ribu,-1
760,peduli masjid ahok tawar lahan ke dmi,-1
761,mui dah gak ada wibawa lagi kait ahok tara institute nilai mui politik via,-1
762,om safe i di hari tua harus bohong ga kenal ahok,-1
763, wajar rachmawati singgung megawati bawa ahok ke makam bung karno,-1
764,soal quran polisi harus cari saksi yang dengar langsung nyata ahok di pulau ribu,-1
765,kalo ada yg bom liat batik cherrybelle kurang lebih kayak gin baju dipake juga pas ketemu pak ahok,-1
766,wajar rachmawati singgung megawati bawa ahok ke makam bung karno,-1
767,soal quran polisi harus cari saksi yang dengar langsung nyata ahok di pulau ribu,-1
768,najwa kenapa mau jadi gubernur jakarta nagus yudhoyono kenapa tidak juga dia ngakalin najwa,-1
769,abdee slank kan dari dulu dukung ahok,-1
770,soal quran polisi harus cari saksi yang dengar langsung nyata ahok di pulau ribu jakartapenyelidik,-1
771,wajar rachmawati singgung megawati bawa ahok ke makam bung karno jakartarachmawati soekarnoputri mengu,-1
772,chirpified mengapa anies b gagal distribusi kip by,-1
773,gaduh yg cipta ahok sudah jalar ke bagai penjuru indonesia,-1
774,vivacoid ini video saat nusron wahid kritik mui soal ahok,-1
775,tuju ntokoh betawi ahok pantas rajam,-1
776,propaganda kaum kumpas syiah jil pki mulai nampak terang benderang ulama di fitnah dapat bayar lawan n n,-1
777,soal quran polisi harus cari saksi yang dengar langsung nyata ahok di pulau ribu,-1
778,wajar rachmawati singgung megawati bawa ahok ke makam bung karno jakartarachmawati soekarnoputri mengu,-1
779,u mui jatim mas kanjeng dan ahok sama nista agama,-1
780,najwa ken posisi agus seperti mantan gub dki yg janji tahun mimpin dki nyata malah nyapres gitu lho nge u,-1
781, mui jatim mas kanjeng dan ahok sama nista agama,-1
782,tim ahokdjarot reaktif lihat hasil survey tim aniesuno guntur romli sakit gigi,-1
783,soal quran polisi harus cari saksi yang dengar langsung nyata ahok di pulau ribu,-1
784,wajar rachmawati singgung megawati bawa ahok ke makam bung karno,-1
785,ini buat para haters ahok baca dan cam baik udd udcd,-1
786,mui jatim mas kanjeng dan ahok sama nista agama konfrontasiketua mui jawa timur kh abdusshomad,-1
787,klo polri uda takut usut ahok n nyerah ga brkutik usut ahok mungkin mujahid ni baca brita kmrn polri lepas tgn ksus ahok,-1
788,wajar rachmawati singgung megawati bawa ahok ke makam bung karno,-1
789,luar duga agus ini luwes juga ngomongnya dan cukup tajam merespon tanya debat cagub bakal tarik nih nanti,-1
790,mui jatim mas kanjeng dan ahok sama nista agama,-1
791,wajar rachmawati singgung megawati bawa ahok ke makam bung karno,-1
792,ketika mui nyata ahok nista islam para ahokers sewot tuding mui bayar utk salah ahok hadeh dewasa u,-1
793,ahok jelas alas puluh sekolah di dki gagal bangun tahun ini ahok jelas alas gagal ban,-1
794,mui jatim mas kanjeng dan ahok sama nista agama,-1
795,wajar rachmawati singgung megawati bawa ahok ke makam bung karno,-1
796,mas ganteng agus awas lho kembung,-1
797,soal quran polisi harus cari saksi yang dengar langsung nyata ahok di pulau ribu,-1
798,soal quran polisi harus cari saksi yang dengar langsung nyata ahok di pulau ribu,-1
799,ketua mui minta ahok jelas minta maaf ketua umum majelis ulama indonesia mui pusat maruf amin,-1
800,wajar rachmawati singgung megawati bawa ahok ke makam bung karno,-1
801,cegah konflik indonesia police watch ipw desak polri segera periksa ahok,-1
802,ahok jelas alas puluh sekolah di dki gagal bangun tahun ini ahok jelas alas gagal ban,-1
803,wajar rachmawati singgung megawati bawa ahok ke makam bung karno,-1
804,soal quran polisi harus cari saksi yang dengar langsung nyata ahok di pulau ribu,-1
805,wajar rachmawati singgung megawati bawa ahok ke makam bung karno,-1
806,soal quran polisi harus cari saksi yang dengar langsung nyata ahok di pulau ribu,-1
807,pdip pasang badan atas proses hukum sara ahok,-1
808,mui jatim mas kanjeng dan ahok sama nista agama,-1
809,soal quran polisi harus cari saksi yang dengar langsung nyata ahok di pulau ribu,-1
810,soal quran polisi harus cari saksi yang dengar langsung nyata ahok di pulau ribu,-1
811,wajar rachmawati singgung megawati bawa ahok ke makam bung karno,-1
812,soal quran polisi harus cari saksi yang dengar langsung nyata ahok di pulau ribu,-1
813,mui jatim mas kanjeng dan ahok sama nista agama,-1
814,mui jatim mas kanjeng dan ahok sama nista agama,-1
815,wajar rachmawati singgung megawati bawa ahok ke makam bung karno,-1
816,ini video saat nusron wahid kritik mui soal ahok,-1
817,mui jatim mas kanjeng dan ahok sama nista agama,-1
818,,-1
819,kasus ahok bareskrim monggo awas tangan,-1
820,mata najwa hebat agus ne nah,-1
821,klo ikut kata hati saya ingin tetap di militer mbak itu jawab mas agus jd hati dia sbnrnya blm di politik,-1
822,lumayan lho ngelesnya si agus yudhoyono ini udd ude udd ude udd ude,-1
823,wajar rachmawati singgung megawati bawa ahok ke makam bung karno,-1
824,maaf mau nanya dari segimanakah hebat,-1
825,umat islam itu maaf ahok sdh maaf tapi proses hukum tidak ada hubung dgn umat islam ini semata krn negara ini n u,-1
826,banding cara ahok anies agus selesai banjir jakarta hanya ahok yang program jelas lain abstrak,-1
827,agus yudhoyono tegas dan lugas jawab tanya yg nanya aja kyak wanita gx didik,-1
828,loh kalau tiap saya kata benar anggap ahokers arti ahok benar dong u,-1
829,smg kang sahal allah satu sama ahok d hari akhir nanti,-1
830,agus orngnya nyata emosional ga bisa dikte huff,-1
831,agus yudhoyono udah di skakmat x di segmen hacep lah mata najwa udd udcd udd ude udd ude udd ude,-1
832,selamat jalan tugas mba bagai juru bicara ahok djarot n n,-1
833,soal quran polisi harus cari saksi yang dengar langsung nyata ahok di pulau ribu,-1
834,tafsir oceh nusron dll tu ga lagi lihat dar debat pilkada tapi lebar ke benturpolitik tulis huntington,-1
835,mas agus anggap media adalah sahabat ahy,-1
836,rasulullah saw tdk pernah ajar umat laku buat keji ada apa dg ketua mui ini olah sdg menjal u,-1
837,perlu karakter mirip ahok untuk bkasi lbh baikrt ini beneran gak ya saya di cont,-1
838,polri tunda proses hukum ahok hingga selesai pilgub ipw marah umat islam akan puncak,-1
839,rachmawati singgung megawati ajak ahok ke makam bung karno tribunpekanbaru,-1
840,alas anies sering turun ke masyarakat meski belum masa kampanye,-1
841,jk ahok minta maaf brarti ahok sdh mrs brsalah dg ucpanya ngmn dg yg bela n mebenarkn ucap ahok mrs brslh jg u,-1
842,thn lalu saya aktif di gera sdh ktm jenis orang ada tarung amp,-1
843,tegak hukum dan adil hadap ahok bagai laku hina alqur uan dan ulama,-1
844,ketua mui minta ahok jelas minta maaf,-1
845,betul sayang opini yg bentuk d sosmed akan umat muslim haus balas dendam citra islam jd rusak akibat giri u,-1
846,nyetel eh ada agus yudhoyono lagi di mata najwa nhmm nonton ahhhh kek seru nih,-1
847,wajar rachmawati singgung megawati bawa ahok ke makam bung karno,-1
848,alas anies sering turun ke masyarakat meski belum masa kampanye,-1
849,sby masa depan mudah ltar blkang tni mmbuat pak agus jauh lbih bsa mrubah jakarta bila trpilih,-1
850,alas anies sering turun ke masyarakat meski belum masa kampanye,-1
851,rachmawati singgung megawati ajak ahok ke makam bung karno,-1
852,kait ahok tara institute nilai mui politik lewat,-1
853,telinga mui saliwangayo hok minta maapnye kenceng dikit,-1
854,rachmawati singgung megawati ajak ahok ke makam bung karno,-1
855,rachmawati singgung megawati ajak ahok ke makam bung karno,-1
856,rachmawati singgung megawati ajak ahok ke makam bung karno,-1
857,tum pkb jangan buat resah ya saya kira semua pihak agar untuk tahan u,-1
858,video mahasiswa lhokseumawe demo ahok,-1
859,fyi ya mz agus yudhoyono ini anak sulung nkalo doi anak akhir dan lagi sibuk karya gin mah nanti taglinenya karya anak bungsu,-1
860,rachmawati singgung megawati ajak ahok ke makam bung karno,-1
861,alas anies sering turun ke masyarakat meski belum masa kampanye,-1
862,video mahasiswa lhokseumawe demo ahok,-1
863,alas anies sering turun ke masyarakat meski belum masa kampanye,-1
864,alas anies sering turun ke masyarakat meski belum masa kampanye,-1
865,utk yg ribut prestasi ini itu pny foke tlg tanyain dong ke partai demokrat kok mrk ogah calonin foke lagi kok malah ajuin u,-1
866,anies di sarang fpi minta restu warga tambur,-1
867,tribunpekanbaru alas anies sering turun ke masyarakat meski belum masa kampanye,-1
868,alas anies sering turun ke masyarakat meski belum masa kampanye via tribunpku,-1
869,tribunpekanbaru rachmawati singgung megawati ajak ahok ke makam bung karno,-1
870,laknat biar modyaaarrr ini video saat nusron wahid kritik mui soal ahok,-1
871,alas anies sering turun ke masyarakat meski belum masa kampanye anies jelas diri rasa perlu un,-1
872,anies jelas diri rasa perlu untuk terjun langsung di tengah masyarakat agar tahu bagaimana,-1
873,rame ini kawan sudah ribut ttg ahok biar dia kerjakerja bangun dki,-1
874,gila juga ni agus suruh maju jadi dki cuma d tlp bokapnya masuk partai g pake fit amp,-1
875,alas anies sering turun ke masyarakat meski belum masa kampanye anies jelas diri rasa perlu un,-1
876,rachmawati singgung megawati ajak ahok ke makam bung karno rachmawati tertawa ketika tanya apakah dia j,-1
877,alas anies sering turun ke masyarakat meski belum masa kampanye anies jelas diri rasa perlu un,-1
878,rachmawati singgung megawati ajak ahok ke makam bung karno via tribun,-1
879,klo hujat spt ahok pasti diare,-1
880,byk apa gus gak jelas pun prestasi si agus ini galk ada yg bisa jual,-1
881,video mahasiswa lhokseumawe demo ahok,-1
882,ini hasil latih mas ganteng agus lama ini nlari dari tanya n nbuahahahahahakkkk,-1
883,ini video saat nusron wahid kritik mui soal ahok,-1
884,alas anies sering turun ke masyarakat meski belum masa kampanye,-1
885,rachmawati singgung megawati ajak ahok ke makam bung karno rachmawati tertawa ketik,-1
886,mang cek tito yg mlintir itu la yg bikin kerok nyari balak nian lanjak ke la mang,-1
887,mas agus blm siap sori mentah bgt,-1
888,baik beri stel seragam bagi tiap anggota nrasa hormat kepada n ncc gu u,-1
889,detikcom ahok agus dan anies adu program tata ruang dki ini banding,-1
890,taruh djakarta brsama agus hy najwa live y,-1
891,sekarang serap anggar rendah tapi yg hasil ahok nyata top udd udcd udd udcd udd udce,-1
892,ahok agus dan anies adu program tata ruang dki ini banding,-1
893,bisa jadi yg tangkap lewat ott bb nya cma receh kelas tri,-1
894,muncul dajal baru telah ahok nusron w,-1
895,semua kalau jadi pimpin harus ada rekam jejak bidang nya pak agus belum punya rekam jejak sedikit,-1
896,lupa politisasi agama yg tak produktif mari simak capai yang sudah laku ahokdjarot,-1
897,ahok bicara blakblakan putar kasus amp,-1
898,ahok balik ke balai cipinang n n plt soni ada mungkin ahok tak balik lagi ke balaikota,-1
899,kh junaedi albaghdi tipu panitia dzikir akbar dari dukung uaahokdjarot,-1
900,bobrok nian ahok djarot ini ada dzikir dgn cara bohong abah kh junaedi al bagdadi bagaimana ini jeng u,-1
901,pospera siap menang pasang ahokdjarot,-1
902,retweeted salam uc udc udffb ufef siap menang pasang ahokdjarot,-1
903,plt gubernur minta ahok jelas beri bonus atlet dki,-1
904,akrobat cebong mah udh hapal ya tp yg aneh media spt luput sm yg begini cb j u,-1
905,gooood n n tau n ngara pro ahok warga dompuntb tolak anton medan isi acara ucdompu aji ud n n,-1
906,kalau ahok vonis salah djarot belum tentu naik tahta,-1
907,loh survei baru spin ahokdjarot masih jaya href rel nofollow uedlvr it uc a ue truncated false in reply to status id null in reply to status id str null in reply to user id null in reply to user id str null in reply to screen name null user id id str name warta udc udfpolitik u screen name wartapolitik location indonesia url null description rangkum berita komentar analisa politik lndonesia u endorsement no dm saran masuk sampai ke wartapolitik aug utc offset time zone jakarta geo enabled false lang en contributors enabled false is translator false profile background color cdeed profile background image url http abs twimg com images themes theme bg png profile background image url,-1
908,tenang aja ahok kan dukung cukong dan taipan,-1
909,udd udef udd udcf ulama yg bela ahok adalah ulama ah betapa islami organisasi ini jatiwaringin raya,-1
910,apa kabar jeng ayo dikomen preeet href http twitter com download android rel nofollow uetwitter for android uc a ue truncated false in reply to status id null in reply to status id str null in reply to user id null in reply to user id str null in reply to screen name null user id id str name umi kalsum screen name iswarimukhtar location jakarta selatan dki jakarta url null description jakmania  madridista indonesia prorakyat anti gusur protected false verified false followers count friends count listed count favourites count statuses count created at wed sep utc offset null time zone null geo enabled true lang id contributors enabled false is translator false profile background color cdeed profile background image url http abs twimg com images themes theme bg png profile background image url dec id id str,-1
911,ahok puas dengan bangun rptra di kalijodo lewat,-1
912,december at pm,-1
913,ahok will be suspended temporarily when his leave ends mister,-1
914,indonesia blasphemy case emotional scenes as ahok trial begins,-1
915,jakarta governor ahok stands trial for blasphemy,-1
916,anjrot bohong lagi ngakunya ahok yg ga bs hadir padahal abah al baghdadi tolak jika ahok hadir ud udc udffc ufefini klatifikasi u,-1
917,udd ude udd ude udd ude udd ude udd ude udd ude udd ude nsemakin hari makin tau kalo ahokers amp,-1
918,jakarta governor ahok cries on first day of landmark blasphemy trial,-1
919,ahok the most searched person on google in,-1
920,warga dan kota jakarta lantar karena anies hanya akan sibuk dg pencapresan prabowo,-1
921,si babihox sukses kotak pndukung ahyanies kduanya lupa dia prnah nista kitab suci mrka jelas babihokers anti kbhineka u,-1
922,dulu sy pro anies muda pinter pancasilais tapi ga lagi stl ia gagal balon capres pd loncat jadi timses jokowi pdip kini cagu u,-1
923,aniessandi jadi soal uji un di magelang guru ancam kena sanksi,-1
924,pilih pilkada putar dua nsaya dukung ahok nbukan anies,-1
925,aku orang ibu jual pecel lele yg nggak boleh naroh gerobak kalo nggak coblos anies madness jadi mak u,-1
926,ahok di sosmed jg di bully habis tp ahok gak mau main blokir kalo anies di sindir dikit aja sdh main blokir dasar mimpi u,-1
927,finish aniessandi kalah ahokdjarot dalam polling yang buat oleh iwan fals,-1
928,kubu anies klaim demokrat dki sepakat deklarasi dukung waktu dekat,-1
929,safari haji lulung sama umat menang anies  sandi di kampung tegal alur kalideres jakarta barat,-1
930,kubu anies klaim demokrat dki sepakat deklarasi dukung waktu dekat,-1
931,tak hanya terus kjp anies bakal tingkat mutu didik,-1
932,lurus probosutedjo tidak dukung ahok keluarga besar cendana selalu sehat dukung aniessandi u,-1
933,dialog dan konsolidasi rawan hijau hitam jaya untuk menang aniessandi,-1
934,lengkap kemunkaran kelompok anies tunjuk yang kurang jelas apa yg engkau dusta,-1
935,finish aniessandi kalah ahokdjarot dalam polling yang buat oleh iwan fals,-1
936,tolak radikal ntolak neo orbaist ntolak anies sandi,-1
937,perindo pilih aniessandi karena alas ini l tum partai perindo bpk,-1
938,gaya emak kalah debat hahaha,-1
939,kata ahok rakyat itu atas bos tapi kenapa bawah maki atas bos bukankah itu kurang ajar,-1
940,serasiii,-1
941,pilkada dki jakarta harap tidak pilih nomor bahaya laten komunis,-1
942,ahok sunguh bual sejati ndidebat semua data yg sebut palsu nhanya opini media njangan sampai tipu si jamban,-1
943,bohong bohong terus org pakai opini kerja baik pdhl kerja absolutely buruk,-1
944,pilkada dki jakarta harap tidak pilih nomor bahaya laten komunis,-1
945,vote untuk debat akhir,-1
946,efek dari adalah lihat kapasitas pikir orang apakah dy cukup punya otak atau tidak saat nilai waras,-1
947,mau ngasih tanya tapi waktu habis n,-1
948,bom banyak robot twitter yang berkatifitas jelek pasang lain ga bs yaa saling angkat nilai positif aja,-1
949,ya sudahlaahhh mari kita liat sebenernya mau jakarta yg seperti apa udah bs liat dong ya mana psangan yg cocok hati,-1
950,ketidakberhasilan anies baswedan dalam pimpin menteri banyak masalah dan belum lagi soal salah hitung anggara u,-1
951,agus tidak jelas mampu hanya poles anak dan gaya pepo,-1
952,ahok the best bingung sy dengar jawab paslon amp,-1
953,ahli psikologi ahli komunikasi ahli politik ahli survey dan ahli komen bisa guyub kerja kelompok bareng,-1
954,makanya sebut pesta demokrasi ramai dan riah,-1
955,rugi kita lek kalau ndak bisa ikut hingar bingar pesta,-1
956,yg denger bikin imajinasi sasar paling kalang sdm rendah jargon aja aneh bangun tanpa menggusu u,-1
957,ngenest tionghoa paslon n,-1
958,anies di bibir putar kata walau kau tuduh ahoklah segala sebab,-1
959,ada manis gula kau timpa dengan asam nya cuka,-1
960,yaaa mgkn emang krg kali didik sehingga sampai info yg ada jadi tengah atau tidak dasar,-1
961,yg bikin hesteg psti orgny bebeb reseq,-1
962,dukung debat live di tv krn sbg istri cagub hrs punya program daya thp wanita dll apakah tuju,-1
963,respon netizen di segmen hadap pasang dan,-1
964,mpok sylvi sangat buruk npak ahok ngasih jawab kok nmalah buat gestur jempol bawah nmungkin d u,-1
965,pdip sengaja becah belah rakyat warga dki tidak pilih ahok solusi cagub atas masalah macet,-1
966,kirim dari mas marco kusumawijaya idk ap ini valid atau tidak tapi tarik,-1
967,kirim dari mas marco kusumawijaya idk ap ini valid atau tidak tapi tarik,-1
968,apa yang mungkin jadi di debat pilkada,-1
969,ini pas banget ya tuhan,-1
970,smoga yg baik utk indonesia maju,-1
971,dlm jawab pak ahok langsung ke soal real di dki bukan teori bantaran sungai mmg harus kosong,-1
972,pilkada dki jakarta harap tidak pilih nomor bahaya laten komunis,-1
973,penuh retorikapesannya halus tapi cuci otak agar org kesima padahal gak ada solusi lbh real yg tawar n,-1
974,luar biasa nng nyangka punya niat spt ini n udd ude udd ude udd ude n,-1
975,waduh malem siapa yg salah ni,-1
976,paslon lain harap tanya ke paslon utama bu silvi apakah beliau pernah nyerobot antri makan pas kawin n n,-1
977,gak ada tipi gak bisa nonton kuota limit jadi ya gitu gak bisa streaming sama liat yutup,-1
978,pilkada dki jakarta harap tidak pilih nomor bahaya laten komunis,-1
979,kang jika pimpin hanya bangun apa beda dengan fir aun,-1
980,di ini pak anies bohong dan tidak pakai data jangan pilih calon yang tidak pa u,-1
981,pilkada dki jangan pilih pki bahaya pilih atau saja sebut ada tanda curang,-1
982,dulu idola anies skrg jujur knapa anies jd karakter jahat ada yg ngerasa sama apa cmn gw,-1
983,ikut polling ah nsetelah debat dua siapa pilih kamu hayo,-1
984,,-1
985,ups udh habis bu waktu tanya apa hmm debat aja gk disiplin waktu gmn kalo mimpin jakarta,-1
986,sya sudah kata data tanpa fakta pasti ujung jd bumerang dik,-1
987,pada akhir jg program khianat rakyat ibu sama bapak sehat kan,-1
988,fakta ubah n immature n calm and smile n emotional n nsantun belongs to paslon n,-1
989,gaya uda kek dosen tapi data nya abal nmeeeehhhh udd ude udd ude,-1
990,pilkada dki jangan pilih pki bahaya pilih atau saja rano karno buka d,-1
991,dari awal debat uda liat kok mau nyerang paslon eh cari backup ya kasi tanya spy paslon ikut nyerang,-1
992,pilkada dki jakarta harap tidak pilih nomor bahaya laten komunis,-1
993,paslon n,-1
994,ini yg gue bilang yg hebat di tim itu cuma tukang foto coba zoom orang dikit kebyakan bers u,-1
995,kocak nih kompilasi,-1
996,pilkada dki jangan pilih pki bahaya pilih atau saja polisi libat buru,-1
997,pilkada dki jakarta harap tidak pilih nomor bahaya laten komunis,-1
998,iki lucu tenan,-1
999,pilkada dki jakarta harap tidak pilih nomor bahaya laten komunis,-1
1000,smoga yg baik utk indonesia baik,-1
1001,sibeye moga di tahun ayam rooster ini pasang nomer menang pilkada hore,-1
1002,pilkada dki jangan pilih pki bahaya pilih atau saja lari saat tangkap t,-1
1003,pilkada dki jangan pilih pki bahaya pilih atau saja menaker telah sotk ad,-1
1004,paslon gak ngerti brarti nyerang npaslon yg penting jakarta maju npaslon yg penting banyak kata mutiara u,-1
1005,pilkada dki jangan pilih pki bahaya pilih atau saja hujan dan pasang laut di,-1
1006,pilkada dki jakarta harap tidak pilih nomor bahaya laten komunis,-1
1007,pak anis ini mungkin kalau nongkrong suka ngeledek tapi pas ledek balik ambil hati n n,-1
1008,pikir saya hanya no yg lindung rakyat sdgkan no amp,-1
1009,ikhtisar n n lu diam gue kasih duit n lu nikmat gue yang layanin n lu kerja gue yang mimpin,-1
1010,muter muter n to the point n sajak abab nmonggo pilih n,-1
1011,hanya ahok djarot pantas pimpin jakarta lewat,-1
1012,anies di bibir putar kata walau kau tuduh ahoklah segala sebab udd ude udd ude udd ude udd ude,-1
1013,anies kalo jalan itu badan transportasi adalah buluh darah n ntapi tetep kopaja ngetem jd kolesterol n n,-1
1014,pilkada dki jakarta harap tidak pilih nomor bahaya laten komunis,-1
1015,pilkada dki jakarta harap tidak pilih nomor bahaya laten komunis,-1
1016,pilkada dki jakarta harap tidak pilih nomor bahaya laten komunis,-1
1017,pilkada dki jakarta harap tidak pilih nomor bahaya laten komunis,-1
1018,pdip sengaja becah belah rakyat warga dki tidak pilih ahok jejak t,-1
1019,pilkada dki jangan pilih pki bahaya pilih atau saja nu dukung polda bal usu,-1
1020,smoga yg baik utk indonesia best,-1
1021,sby dengan gusdur nsby dengan megawati nsby dengan jusuf kalla npolitik mana yg di guna sby n,-1
1022,ini harga perberita wartawan yang pelihara oleh pdip,-1
1023,di tinggal ahok cuti jakarta makin kacauuuuparahhhh,-1
1024,pilkada dki jangan pilih pki bahaya pilih atau saja pdip usai nonton debat,-1
1025,bohong telah di tebar segala cara laku dulu orang ini aku kagum nyata u,-1
1026,haha trus kreatif bgmn yg anda mksd gus geser dikit,-1
1027,yg paling butuh jakarta saat ini adalah versi on the si mpok n,-1
1028,jempol kbawah dpermasalahkan bad attitude kata lalu ngomong taik good attitude lisan buruk bukti hati jg buruk,-1
1029,orang baik itu lihat dari buat dan lisan yg baik bukan dari mulut kotor apalagi nista,-1
1030,mohon sabar ini uji,-1
1031,pilkada dki jakarta harap tidak pilih nomor bahaya laten komunis,-1
1032,yah nama jh odong si,-1
1033,nu garda depan perang ideologi lawan ancam ajar wahabikhilafah fpihti,-1
1034,dan baik paham dulu undang dan hukum perintah daerah telah itu ajar data statistik,-1
1035,nno paslon magang bawa text nn paslon profesional bawa prestasi nno paslon ajar b u,-1
1036,apik kabeh yo seng adil mending ngko pas pilih di coblos kabeh ben ora ono irenirenan ojo lali yo di coblos kabeh,-1
1037,rakyat adalah bos kami kami adalah layan rakyat ud uahok n nrt rame rame,-1
1038,ahok u djarot waspada politik uang dalam pilkada,-1
1039,harus sdh tahu dari awal ini makin masif hidup uu surversib pak presiden href http twitter com download android rel nofollow uetwitter for android uc a ue truncated false in reply to status id null in reply to status id str null in reply to user id in reply to user id str in reply to screen name jokowi user id id str name chandra kirana screen name kirana location pancoran jakarta selatan url null description anti sara cinta pluralisme karena sama itu adlh indah dr beda yg tdk hrs beda sbb dr beda kt hrs jdkan rekat satu protected false verified false followers count friends count listed count favourites count statuses count created at tue dec utc offset null time zone null geo enabled true lang id contributors enabled false is translator false profile background color acded profile background image url http abs twimg com images themes theme bg gif profile background image url dec id id str,-1
1040,soal transportasi ahok sebut anies tak baca uu besok baca dulu ya pak n,-1
1041,guys jangan lupa besok hari sidang ahok nsemua awal dari buni shg ahok harus hadap saksi palsu di persidan u,-1
